Crash Record Number,County Code,County Name,Municipality Code,Municipality Name,District Code,District Name,Police Agency Code,Police Agency Name,Crash Year,Crash Month,Day of Week,Time of Day,Hour of Day,Illumination,Weather,Road Condition,Collision Type,Work Zone Type,Work Zone Location,Intersection Type,Traffic Control Device,Location Type,Urban / Rural,Fatality Count,Injury Count,Person Count,Total Unit Count,School Bus Indicator,School Zone Indicator,Latitude,Longitude,Arrival Time,Dispatch Time,Construction Zone Speed Limit,Estimated Hours Closed,Lane Closed,Lane Closure Direction,Notify Highway Maintenance,Special Jurisdiction,Traffic Control Device Function,Traffic Detour,Workers Present,Work Zone Close/Detour,Work Zone Flagger,Work Zone Law Officer,Work Zone Closure,Work Zone Moving,Work Zone Other,Work Zone Shoulder/Median,Vehicle Count,Automobile Count,Motorcycle Count,Bus Count,Small Truck Count,Heavy Truck Count,SUV Count,Van Count,Bicycle Count,Suspected Serious Injury Count,Suspected Minor Injury Count,Possible Injury Count,Total Injury Count,Unknown Injury Degree Count,Unknown Injury Person Count,16 Year Old Driver Count,17 Year Old Driver Count,18 Year Old Driver Count,19 Year Old Driver Count,20 Year Old Driver Count,50-64 Year Old Driver Count,65-74 Year Old Driver Count,75 Plus Year Old Driver Count,Unbelted Occupant Count,Unbelted Death Count,Unbelted Suspected Serious Injury Count,Belted Death Count,Belted Suspected Serious Injury Count,Motorcycle Death Count,Motorcycle Suspected Serious Injury Count,Bicycle Death Count,Bicycle Suspected Serious Injury Count,Pedestrian Count,Pedestrian Death Count,Pedestrian Suspected Serious Injury Count,Maximum Severity Level,Commercial Vehicle Count,Latitude (Decimal),Longitude (Decimal),Roadway Surface Type,Interstate,State Road,Local Road Only,Turnpike,Wet Road,Snow Slush Road,Icy Road,Sudden Deer,Shoulder Related,Rear End,Head On / Opposite Direction Side Swipe,Hit Fixed Object,Single Vehicle Run Off Road,Work Zone,Property Damage Only,Injury or Fatal,Fatal or Suspected Serious Injury,Injury,Fatal,Non Intersection,Intersection,Signalized Intersection,Stop Controlled Intersection,Unsignalized Intersection,School Bus,School Zone,Hit Deer,Hit Tree / Shrub,Hit Embankment,Hit Pole,Hit Guide Rail,Hit Guide Rail End,Hit Barrier,Hit Bridge,Overturned,Motorcycle,Bicycle,Heavy Truck Related,Vehicle Failure,Train / Trolley,Phantom Vehicle,Alcohol Related,Drinking Driver,Underage Drinking Driver,Unlicensed,Distracted,Cell Phone,No Clearance,Running Red Light,Tailgating,Cross Median,Curved Road,Curve Driver Error,Limit 65 MPH,Speeding,Speeding Related,Aggressive Driving,Fatigue / Asleep,Driver 16 Years Old,Driver 17 Years Old,Driver 18 Years Old,Driver 19 Years Old,Driver 20 Years Old,Driver 50 - 64 Years Old,Driver 65 - 74 Years Old,Driver 75 Plus,Unbelted,Pedestrian,Commercial Vehicle,PSP Reported,NHTSA Aggressive Driving,Deer Related,Illumination Dark,Running Stop Sign,Train,Trolley,Hit Parked Vehicle,Fire In Vehicle,Vehicle Towed,Hazardous Truck,Suspected Serious Injury,Suspected Minor Injury,Possible Injury,Motorcycle Drinking Driver,Drug Related,Illegal Drug Related,School Bus Unit,Drugged Driver,Impaired Driver,Geographic Location of the Crash
2013112325,48,Northampton,48301,Bethlehem City,05,District 5-0,48501,LEHIGH UNIVERSITY,2013,11,5,1233,12,Daylight,Rain,Wet,Head-on, , ,Mid-block,Not applicable, ,Urban,0,1,3,2,No,No,40 36:12.520,75 22:55.640,1236,1233,  ,2, ,North And South, , ,No Controls, , , , , , , , , ,2,0,0,1,0,0,0,1,0,0,0,1,1,0,0,0,0,0,0,0,1,1,0,0,0,0,0,0,0,0,0,0,0,0,0,4,1,40.6035,-75.3821, ,No,No,Yes,No,Yes,No,No,No,No,No,Yes,No,No,No,No,Yes,No,Yes,No,Yes,No,No,No,No,No,No,No,No,No,No,No,No,No,No,No,No,No,No,No,No,No,No,No,No,No,No,No,No,No,No,No,Yes,Yes,No,No,No,No,No,No,No,No,No,No,Yes,Yes,No,No,No,Yes,No,No,No,No,No,No,No,No,No,Yes,No,No,No,Yes,No,No,No,No,No,No,"(40.6035, -75.3821)"
2015010311,15,Chester,15247,West Goshen Twp,06,District 6-0,15247,WEST GOSHEN TWP,2015,01,6,0649,06,Dawn,No adverse conditions,Dry,Rear-end, , ,Four way intersection,Traffic signal, ,Urban,0,0,6,3,No,No,39 56:44.915,75 35:07.924,0657,0649,  , ,No, , , ,Device Functioning properly, , , , , , , , , ,3,1,0,0,0,1,0,1,0,0,0,0,0,0,0,0,0,0,0,0,0,1,0,0,0,0,0,0,0,0,0,0,0,0,0,0,1,39.9457,-75.5855, ,No,Yes,No,No,No,No,No,No,No,Yes,No,No,No,No,Yes,No,No,No,No,No,Yes,Yes,No,No,No,No,No,No,No,No,No,No,No,No,No,No,No,Yes,No,No,No,No,No,No,No,No,No,No,No,Yes,No,No,No,No,No,No,Yes,No,No,No,No,No,No,No,Yes,No,No,No,Yes,No,Yes,No,No,No,No,No,No,No,Yes,No,No,No,No,No,No,No,No,No,No,"(39.9457, -75.5855)"
2013132418,39,Lehigh,39102,Whitehall Twp,05,District 5-0,39102,WHITEHALL TWP,2013,12,3,2030,20,Dark no street lights,Snow,Ice Patches,Hit fixed object, , ,T intersection,Traffic signal, ,Urban,0,0,1,1,No,No,40 39:10.403,75 30:12.566,2106,2106,  ,1,Yes,West, , ,Device Functioning properly, , , , , , , , , ,1,1,0,0,0,0,0,0,0,0,0,0,0,0,0,0,0,0,0,0,0,0,0,0,0,0,0,0,0,0,0,0,0,0,0,0,0,40.6529,-75.5035, ,No,Yes,No,No,No,No,Yes,No,No,No,No,Yes,Yes,No,Yes,No,No,No,No,No,Yes,Yes,No,No,No,No,No,No,No,No,No,No,No,No,No,No,No,No,No,No,No,No,No,No,No,No,No,No,No,No,No,No,No,No,No,No,No,No,No,No,No,No,No,No,No,No,No,No,No,No,No,No,Yes,No,No,No,No,No,Yes,No,No,No,No,No,No,No,No,No,No,"(40.6529, -75.5035)"
2005137337,02,Allegheny,02301,Pittsburgh City,11,District 11-0,02301,PITTSBURGH CITY,2005,05,3,0800,08,Daylight,No adverse conditions,Dry,Sideswipe (Opposite dir.), , ,Mid-block,Not applicable, ,Urban,0,2,2,2,No,No,,,0808,0802,  ,2, ,"All (N,S,E,W)", , ,No Controls, , , , , , , , , ,2,2,0,0,0,0,0,0,0,0,0,2,2,0,0,0,0,0,0,0,0,0,0,0,0,0,0,0,0,0,0,0,0,0,0,4,0,,, ,No,No,Yes,No,No,No,No,No,No,No,Yes,No,No,No,No,Yes,No,Yes,No,Yes,No,No,No,No,No,No,No,No,No,No,No,No,No,No,No,No,No,No,No,No,No,No,No,No,No,Yes,No,No,No,No,No,No,No,No,No,No,No,No,No,No,No,No,No,No,No,No,No,No,No,No,No,No,No,No,No,No,Yes,No,Yes,No,No,No,Yes,No,No,No,No,No,No,
2003017954,46,Montgomery,46104,Lower Merion Twp,06,District 6-0,46104,LOWER MERION TWP,2002,06,5,2132,21,Dusk,Rain,Wet,Rear-end, , ,Mid-block,Traffic signal, ,Urban,0,1,3,2,No,No,39 59:34.000,75 17:06.221,2135,2132,  , ,No, , , ,Device Functioning properly, , , , , , , , , ,2,2,0,0,0,0,0,0,0,0,0,1,1,0,0,0,0,0,0,0,0,0,0,0,0,0,0,0,0,0,0,0,0,0,0,4,0,39.9928,-75.2853, ,No,Yes,No,No,Yes,No,No,No,No,Yes,No,No,No,No,No,Yes,No,Yes,No,Yes,No,No,No,No,No,No,No,No,No,No,No,No,No,No,No,No,No,No,No,No,No,No,No,No,No,No,No,No,No,No,No,No,No,No,No,Yes,Yes,No,No,No,No,No,No,No,No,No,No,No,No,No,No,No,No,No,No,No,No,No,No,No,No,No,Yes,No,No,No,No,No,No,"(39.9928, -75.2853)"
2002212737,46,Montgomery,46110,Upper Moreland Twp,06,District 6-0,46110,UPPER MORELAND TWP,2002,04,5,1942,19,Dark street lights,No adverse conditions,Dry,Angle, , ,Mid-block,Not applicable, ,Urban,0,0,2,2,No,No,40 10:18.120,75 04:26.760,9999,9999,  , ,No, , , ,No Controls, , , , , , , , , ,2,1,0,0,1,0,0,0,0,0,0,0,0,0,0,0,0,0,0,1,0,0,0,0,0,0,0,0,0,0,0,0,0,0,0,0,0,40.1717,-75.0741, ,No,Yes,No,No,No,No,No,No,No,No,No,No,No,No,Yes,No,No,No,No,Yes,No,No,No,No,No,No,No,No,No,No,No,No,No,No,No,No,No,No,No,No,No,No,No,No,No,No,No,No,No,No,No,No,No,No,No,No,Yes,No,No,No,No,No,Yes,No,No,No,No,No,No,No,No,No,Yes,No,No,No,No,No,Yes,No,No,No,No,No,No,No,No,No,No,"(40.1717, -75.0741)"
2001207794,07,Blair,07301,Altoona City,09,District 9-0,07301,ALTOONA CITY,2001,01,2,0739,07,Daylight,Snow,Snow covered,Hit fixed object, , ,Four way intersection,Traffic signal, ,Urban,0,1,1,1,No,No,40 30:15.840,78 24:32.760,9999,9999,  , ,No, , , ,Device Functioning properly, , , , , , , , , ,1,1,0,0,0,0,0,0,0,0,0,0,0,0,1,0,0,0,1,0,0,0,0,0,0,0,0,0,0,0,0,0,0,0,0,9,0,40.5043,-78.4091, ,No,Yes,No,No,No,Yes,No,No,No,No,No,Yes,Yes,No,No,No,No,No,No,No,Yes,Yes,No,No,No,No,No,No,No,Yes,No,No,No,No,No,No,No,No,No,No,No,No,No,No,No,No,No,No,No,No,No,No,No,No,No,No,No,No,No,No,No,Yes,No,No,No,No,No,No,No,No,No,No,No,No,No,No,No,No,Yes,No,No,No,No,No,No,No,No,No,No,"(40.5043, -78.4091)"
2001241543,37,Lawrence,37214,Union Twp,11,District 11-0,68D06,PSP - New Castle,2001,04,2,1558,15,Daylight,Rain,Wet,Hit fixed object, , ,Mid-block,Not applicable, ,Rural,0,1,1,1,No,No,41 01:04.265,80 23:21.786,9999,9999,  , ,No, , , ,No Controls, , , , , , , , , ,1,1,0,0,0,0,0,0,0,0,0,1,1,0,0,0,0,0,0,0,1,0,0,0,0,0,0,0,0,0,0,0,0,0,0,4,0,41.0184,-80.3893, ,Yes,Yes,No,No,Yes,No,No,No,No,No,No,Yes,Yes,No,No,Yes,No,Yes,No,Yes,No,No,No,No,No,No,No,No,No,No,No,No,Yes,No,No,No,No,No,No,No,No,No,No,No,No,No,No,No,No,No,No,No,No,No,No,Yes,Yes,No,No,No,No,No,No,Yes,No,No,No,No,No,Yes,No,No,No,No,No,No,No,No,Yes,No,No,No,Yes,No,No,No,No,No,No,"(41.0184, -80.3893)"
2003090531,14,Centre,14201,Benner Twp,02,District 2-0,68G07,PSP - Rockview,2003,04,7,1830,18,Daylight,No adverse conditions,Dry,Angle, , ,Mid-block,Not applicable, ,Rural,0,0,3,2,No,No,40 53:57.326,77 47:53.579,1905,1850,  ,1,Yes,North, , ,No Controls, , , , , , , , , ,2,0,0,0,2,0,0,0,0,0,0,0,0,0,0,0,0,0,0,0,0,0,0,0,0,0,0,0,0,0,0,0,0,0,0,0,0,40.8993,-77.7981, ,No,Yes,No,No,No,No,No,No,No,No,No,No,No,No,Yes,No,No,No,No,Yes,No,No,No,No,No,No,No,No,No,No,No,No,No,No,No,No,No,No,No,No,No,No,No,No,No,No,No,No,No,No,No,Yes,Yes,No,No,Yes,Yes,No,No,No,No,No,No,No,No,No,No,No,No,Yes,No,No,No,No,No,No,No,No,Yes,No,No,No,No,No,No,No,No,No,No,"(40.8993, -77.7981)"
2005206386,23,Delaware,23108,Springfield Twp,06,District 6-0,23108,SPRINGFIELD TWP,2005,06,5,0816,08,Daylight,No adverse conditions,Dry,Rear-end, , ,Mid-block,Not applicable, ,Urban,0,0,2,2,No,No,39 55:59.880,75 21:09.000,9999,9999,  , ,No, , , ,No Controls, , , , , , , , , ,2,1,0,0,0,1,0,0,0,0,0,0,0,0,0,0,0,0,0,0,1,0,0,0,0,0,0,0,0,0,0,0,0,0,0,0,1,39.9333,-75.3525, ,No,Yes,No,No,No,No,No,No,No,Yes,No,No,No,No,Yes,No,No,No,No,Yes,No,No,No,No,No,No,No,No,No,No,No,No,No,No,No,No,No,Yes,No,No,No,No,No,No,No,No,No,No,No,Yes,No,No,No,No,No,No,Yes,No,No,No,No,No,No,Yes,No,No,No,No,Yes,No,No,No,No,No,No,No,No,No,Yes,No,No,No,No,No,No,No,No,No,No,"(39.9333, -75.3525)"
1999149030,57,Susquehanna,57208,Dimock Twp,04,District 4-0,68R05,PSP - Gibson,1999,12,1,1210,12,Daylight,No adverse conditions,Dry,Angle, , ,Four way intersection,Flashing traffic signal, ,Rural,0,0,4,2,No,No,41 44:46.680,75 53:54.600,9999,9999,  , ,No, , , ,Device Functioning properly, , , , , , , , , ,2,0,0,0,2,0,0,0,0,0,0,0,0,0,0,0,0,0,0,1,0,0,0,0,0,0,0,0,0,0,0,0,0,0,0,0,0,41.7463,-75.8985, ,No,Yes,No,No,No,No,No,No,No,No,No,No,No,No,Yes,No,No,No,No,No,Yes,Yes,No,No,No,No,No,No,No,No,No,No,No,No,No,No,No,No,No,No,No,No,No,No,No,No,No,Yes,No,No,No,No,No,No,No,No,Yes,No,No,No,No,No,Yes,No,No,No,No,No,No,Yes,No,No,No,No,No,No,No,No,Yes,No,No,No,No,No,No,No,No,No,No,"(41.7463, -75.8985)"
2011010305,66,York,66201,Carroll Twp,08,District 8-0,66201,CARROLL TWP,2011,01,1,1020,10,Daylight,No adverse conditions,Dry,Rear-end, , ,Four way intersection,Yield sign, ,Rural,0,1,8,2,No,No,40 07:01.433,77 02:14.699,1026,1020,  ,2, ,North, , ,Device Functioning properly, , , , , , , , , ,2,1,0,0,0,0,1,0,0,0,0,1,1,0,0,0,0,0,0,0,0,0,0,0,0,0,0,0,0,0,0,0,0,0,0,4,0,40.1171,-77.0374, ,No,Yes,No,No,No,No,No,No,No,Yes,No,No,No,No,No,Yes,No,Yes,No,No,Yes,No,No,Yes,No,No,No,No,No,No,No,No,No,No,No,No,No,No,No,No,No,No,No,No,No,Yes,No,No,No,No,No,Yes,No,No,No,No,No,No,No,No,No,No,No,No,No,No,No,No,No,No,No,No,No,No,No,No,No,No,No,No,No,No,Yes,No,No,No,No,No,No,"(40.1171, -77.0374)"
2013030853,24,Elk,24301,Saint Marys City,02,District 2-0,24301,SAINT MARYS CITY,2013,03,1,1254,12,Daylight,No adverse conditions,Dry,Hit pedestrian, , ,Four way intersection,Traffic signal, ,Urbanized,0,1,2,2,No,No,41 25:18.968,78 33:39.803,1259,1255,  ,1,Yes,North, , ,Device Functioning properly, , , , , , , , , ,1,0,1,0,0,0,0,0,0,0,0,0,1,1,0,0,0,0,0,0,0,0,1,0,0,0,0,0,0,0,0,0,1,0,0,8,0,41.4212,-78.5609, ,No,Yes,No,No,No,No,No,No,No,No,No,No,No,No,No,Yes,No,Yes,No,No,Yes,Yes,No,No,No,No,No,No,No,No,No,No,No,No,No,Yes,No,No,No,No,No,No,No,No,No,No,No,No,No,No,No,No,No,No,No,No,No,No,No,No,No,No,No,No,No,Yes,No,Yes,No,No,No,No,No,No,No,No,No,No,No,No,No,No,No,No,No,No,No,No,No,"(41.4212, -78.5609)"
2005088069,25,Erie,25301,Corry City,01,District 1-0,25301,CORRY CITY,2005,02,6,0737,07,Daylight,Snow,Snow covered,Angle, , ,Four way intersection,Stop sign, ,Urbanized,0,0,3,3,No,No,41 55:11.077,79 38:35.739,0742,0738,  ,2,Yes,West, , ,Device Functioning properly, , , , , , , , , ,3,0,0,0,1,1,1,0,0,0,0,0,0,0,0,0,0,0,0,0,0,0,0,0,0,0,0,0,0,0,0,0,0,0,0,0,1,41.9197,-79.6435, ,No,Yes,No,No,No,Yes,No,No,No,No,No,No,No,No,Yes,No,No,No,No,No,Yes,No,Yes,Yes,No,No,No,No,No,Yes,No,No,No,No,No,No,No,Yes,No,No,No,No,No,No,No,No,No,No,No,No,No,No,No,No,No,Yes,Yes,No,No,No,No,No,No,No,No,No,No,No,Yes,No,Yes,No,No,Yes,No,No,No,No,Yes,No,No,No,No,No,No,No,No,No,No,"(41.9197, -79.6435)"
2005191123,62,Washington,62227,South Strabane Twp,12,District 12-0,68B01,PSP - Washington,2002,11,4,1635,16,Daylight,No adverse conditions,Dry,Sideswipe (same dir.), , ,Mid-block,Not applicable, ,Urban,0,0,4,4,No,No,40 11:30.879,80 14:49.428,1641,1636,  ,1,Yes,South, , ,No Controls, , , , , , , , , ,4,3,0,0,1,0,0,0,0,0,0,0,0,0,0,0,0,1,1,0,0,0,0,0,0,0,0,0,0,0,0,0,0,0,0,0,0,40.1919,-80.2471, ,Yes,Yes,No,No,No,No,No,No,No,No,No,No,No,No,Yes,No,No,No,No,Yes,No,No,No,No,No,No,No,No,No,No,No,No,No,No,No,No,No,No,No,No,No,No,No,No,No,No,No,No,No,No,No,No,No,No,No,No,Yes,No,No,No,Yes,Yes,No,No,No,No,No,No,No,Yes,No,No,No,No,No,No,No,No,Yes,No,No,No,No,No,No,No,No,No,No,"(40.1919, -80.2471)"
2015012269,23,Delaware,23110,Upper Chichester Twp,06,District 6-0,23110,UPPER CHICHESTER TWP,2015,01,3,1414,14,Daylight,No adverse conditions,Dry,Angle, , ,Four way intersection,Traffic signal, ,Urban,0,0,2,2,No,No,39 50:06.854,75 25:27.717,1420,1414,  , ,No, , , ,Device Functioning properly, , , , , , , , , ,2,2,0,0,0,0,0,0,0,0,0,0,0,0,0,0,0,0,0,1,0,0,0,0,0,0,0,0,0,0,0,0,0,0,0,0,0,39.8352,-75.4244, ,No,Yes,No,No,No,No,No,No,No,No,No,No,No,No,Yes,No,No,No,No,No,Yes,Yes,No,No,No,No,No,No,No,No,No,No,No,No,No,No,No,No,No,No,No,No,No,No,No,No,No,No,Yes,No,No,No,No,No,No,No,Yes,No,No,No,No,No,Yes,No,No,No,No,No,No,No,Yes,No,No,No,No,No,No,No,Yes,No,No,No,No,No,No,No,No,No,No,"(39.8352, -75.4244)"
1997080289,35,Lackawanna,35409,Mayfield Boro,04,District 4-0,35409,MAYFIELD BORO,1997,01,5,1010,10,Daylight,Snow,Ice Patches,Hit fixed object, , ,Mid-block,Not applicable, ,Urban,0,2,2,1,No,No,41 32:34.440,75 32:26.880,9999,9999,  , ,No, , , ,No Controls, , , , , , , , , ,1,1,0,0,0,0,0,0,0,0,0,0,0,0,2,0,0,0,0,0,0,0,0,0,0,0,0,0,0,0,0,0,0,0,0,9,0,41.5434,-75.5402, ,No,Yes,No,No,No,No,Yes,No,No,No,No,Yes,Yes,No,No,No,No,No,No,Yes,No,No,No,No,No,No,No,No,No,Yes,No,No,No,No,No,No,No,No,No,No,No,No,No,No,No,No,No,No,No,No,Yes,No,No,No,No,No,No,No,No,No,No,No,No,No,No,No,No,No,No,No,No,No,No,No,No,No,No,No,Yes,No,No,No,No,No,No,No,No,No,No,"(41.5434, -75.5402)"
2014123511,39,Lehigh,39301,Allentown City,05,District 5-0,39301,ALLENTOWN CITY,2014,12,7,1141,11,Daylight,No adverse conditions,Dry,Angle, , ,Four way intersection,Traffic signal, ,Urban,0,1,3,2,No,No,40 35:58.059,75 28:54.224,1142,1141,  ,1, ,East, , ,Device Functioning properly, , , , , , , , , ,2,2,0,0,0,0,0,0,0,0,0,0,1,1,0,0,0,0,0,0,0,1,1,0,0,0,0,0,0,0,0,0,0,0,0,8,0,40.5995,-75.4817, ,No,No,Yes,No,No,No,No,No,No,No,No,No,No,No,No,Yes,No,Yes,No,No,Yes,Yes,No,No,No,No,No,No,No,No,No,No,No,No,No,No,No,No,No,No,No,No,No,No,No,No,No,No,Yes,No,No,No,No,No,No,No,Yes,No,No,No,No,No,No,No,Yes,Yes,No,No,No,No,No,No,No,No,No,No,No,No,Yes,No,No,No,No,No,No,No,No,No,No,"(40.5995, -75.4817)"
1997128828,22,Dauphin,22202,Derry Twp,08,District 8-0,22202,DERRY TWP,1997,11,1,2350,23,Dark no street lights,No adverse conditions,Wet,Hit fixed object, , ,Mid-block,Not applicable, ,Urban,0,0,1,1,No,No,,,9999,9999,  , ,No, , , ,No Controls, , , , , , , , , ,1,0,0,0,0,0,0,1,0,0,0,0,0,0,0,1,0,0,0,0,0,0,0,0,0,0,0,0,0,0,0,0,0,0,0,0,0,,, ,No,No,Yes,No,Yes,No,No,No,No,No,No,Yes,Yes,No,Yes,No,No,No,No,Yes,No,No,No,No,No,No,No,No,Yes,No,No,No,No,No,No,No,No,No,No,No,No,No,No,No,No,No,No,No,No,No,No,Yes,Yes,No,No,No,No,No,Yes,No,No,No,No,No,No,No,No,No,No,No,No,No,Yes,No,No,No,No,No,Yes,No,No,No,No,No,No,No,No,No,No,
2016124461,40,Luzerne,40210,Fairmount Twp,04,District 4-0,68P04,PSP - Shickshinny,2016,11,7,1623,16,Dark no street lights,No adverse conditions,Dry,Other or Unknown, , ,Mid-block,Not applicable, ,Rural,0,0,2,2,No,No,41 18:17.704,76 14:20.413,1656,1623,  , ,No, , , ,No Controls, , , , , , , , , ,2,0,0,0,1,0,0,1,0,0,0,0,0,0,0,0,0,0,0,0,0,0,0,0,0,0,0,0,0,0,0,0,0,0,0,0,0,41.3049,-76.239, ,No,Yes,No,No,No,No,No,Yes,No,No,No,No,No,No,Yes,No,No,No,No,Yes,No,No,No,No,No,No,Yes,No,No,No,No,No,No,No,No,No,No,No,No,No,No,No,No,No,No,No,No,No,No,No,No,No,No,No,No,No,No,No,No,No,No,No,No,No,No,No,No,No,No,Yes,No,No,Yes,No,No,No,No,No,Yes,No,No,No,No,No,No,No,No,No,No,"(41.3049, -76.239)"
2003230363,02,Allegheny,02118,Shaler Twp,11,District 11-0,02118,SHALER TWP,2003,08,2,0035,00,Dark street lights,No adverse conditions,Dry,Other or Unknown,Construction,Other,Mid-block,Not applicable, ,Urban,0,3,3,2,No,No,40 28:44.040,79 58:00.480,9999,9999,99, ,No, , , ,No Controls, ,U, , ,U, , , , ,2,1,0,0,0,0,0,0,0,0,1,2,3,0,0,0,0,1,0,0,0,0,0,0,0,0,0,0,0,0,0,0,0,0,0,3,0,40.4788,-79.967, ,No,Yes,No,No,No,No,No,No,No,No,No,No,No,Yes,No,Yes,No,Yes,No,Yes,No,No,No,No,No,No,No,No,No,No,No,No,No,No,No,No,No,No,No,No,No,Yes,Yes,Yes,No,No,No,No,No,No,No,No,No,No,No,No,No,No,No,No,Yes,No,No,No,No,No,No,No,No,No,No,No,Yes,No,No,No,Yes,No,Yes,No,No,Yes,Yes,No,No,No,No,No,Yes,"(40.4788, -79.967)"
2000016436,09,Bucks,09205,Doylestown Twp,06,District 6-0,09205,DOYLESTOWN TWP,2000,02,5,1915,19,Dark street lights,No adverse conditions,Dry,Rear-end, , ,Four way intersection,Traffic signal, ,Urban,0,1,3,2,No,No,40 19:42.600,75 07:48.000,9999,9999,  , ,No, , , ,Device Functioning properly, , , , , , , , , ,2,2,0,0,0,0,0,0,0,0,0,1,1,0,0,0,0,0,0,0,0,0,0,0,0,0,0,0,0,0,0,0,0,0,0,4,0,40.3282,-75.1295, ,No,Yes,No,No,No,No,No,No,No,Yes,No,No,No,No,No,Yes,No,Yes,No,No,Yes,Yes,No,No,No,No,No,No,No,No,No,No,No,No,No,No,No,No,No,No,No,No,No,No,No,Yes,No,No,No,No,No,No,No,No,No,Yes,Yes,No,No,No,No,No,No,No,No,No,No,No,No,No,No,No,Yes,No,No,No,No,No,No,No,No,No,Yes,No,No,No,No,No,No,"(40.3282, -75.1295)"
2017125565,23,Delaware,23403,Chester Heights Boro,06,District 6-0,68K02,PSP - Media,2017,11,1,1952,19,Dark – street lights,No adverse conditions,Dry,Hit fixed object, , ,Four way intersection,Traffic signal,Not applicable,Urban,0,0,2,2,N,N,39 53:49.141,75 29:10.276,1957,1955,  , ,0, , , ,3, , , , , , , , , ,2,2,0,0,0,0,0,0,0,0,0,0,0,0,0,0,0,1,0,0,0,0,0,0,0,0,0,0,0,0,0,0,0,0,0,0,0,39.896999999999998,-75.486199999999997,  ,No,Yes,No,No,No,No,No,No,No,No,No,Yes,Yes,No,Yes,No,No,No,No,No,Yes,Yes,No,No,No,No,No,No,No,No,No,No,No,No,No,No,No,No,No,No,No,No,No,No,No,No,No,No,No,No,No,No,No,No,No,No,Yes,No,No,No,Yes,No,No,No,No,No,No,No,No,Yes,No,No,Yes,No,No,No,No,No,Yes,No,No,No,No,No,No,No,No,No,No,"(39.897, -75.4862)"
2007069496,43,Mercer,43302,Sharon City,01,District 1-0,43302,SHARON CITY,2007,06,3,1452,14,Daylight,No adverse conditions,Dry,Angle, , ,T intersection,Stop sign, ,Urban,0,2,2,2,No,No,41 14:25.000,80 30:11.497,1456,1452,  , ,No, , , ,Device Functioning properly, , , , , , , , , ,2,2,0,0,0,0,0,0,0,0,0,1,2,1,0,0,0,0,0,0,0,0,0,0,0,0,0,0,0,0,0,0,0,0,0,4,0,41.2403,-80.5032, ,No,Yes,No,No,No,No,No,No,No,No,No,No,No,No,No,Yes,No,Yes,No,No,Yes,No,Yes,Yes,No,No,No,No,No,No,No,No,No,No,No,No,No,No,Yes,No,No,No,No,No,No,No,No,Yes,No,No,No,No,No,No,No,No,Yes,No,No,No,No,No,No,No,No,No,No,No,No,No,Yes,No,No,No,No,No,No,No,Yes,No,No,No,Yes,No,No,No,No,No,No,"(41.2403, -80.5032)"
2009085510,22,Dauphin,22403,Elizabethville Boro,08,District 8-0,68H04,PSP - Elizabethville (Lykens),2009,08,1,1736,17,Daylight,No adverse conditions,Dry,Angle, , ,Four way intersection,Not applicable, ,Rural,0,1,2,2,No,No,40 32:51.711,76 49:10.555,1741,1739,  ,2, ,East and West, , ,No Controls, , , , , , , , , ,1,0,0,0,0,0,1,0,1,0,1,0,1,0,0,0,0,0,0,0,0,0,0,0,0,0,0,0,0,0,0,0,0,0,0,3,0,40.5477,-76.8196, ,No,Yes,No,No,No,No,No,No,No,No,No,No,No,No,No,Yes,No,Yes,No,No,Yes,No,No,Yes,No,No,No,No,No,No,No,No,No,No,No,No,Yes,No,No,No,No,No,No,No,No,No,No,No,No,No,No,No,No,No,No,No,No,No,No,No,No,No,No,No,No,No,No,No,No,Yes,No,No,No,No,No,No,No,No,No,No,No,Yes,No,No,No,No,No,No,No,"(40.5477, -76.8196)"
2000049285,06,Berks,06234,Rockland Twp,05,District 5-0,68L01,PSP - Reading,2000,04,1,0950,09,Daylight,No adverse conditions,Snow covered,Hit fixed object, , ,Mid-block,Not applicable, ,Rural,0,0,2,1,No,No,40 27:19.080,75 45:31.320,9999,9999,  , ,No, , , ,No Controls, , , , , , , , , ,1,0,0,0,1,0,0,0,0,0,0,0,0,0,0,0,0,0,0,0,0,0,0,0,0,0,0,0,0,0,0,0,0,0,0,0,0,40.4553,-75.7587, ,No,Yes,No,No,No,Yes,No,No,No,No,No,Yes,Yes,No,Yes,No,No,No,No,Yes,No,No,No,No,No,No,No,No,Yes,No,No,No,No,No,No,No,No,No,No,No,No,No,No,No,No,No,No,No,No,No,Yes,No,No,No,No,No,No,No,No,No,No,No,No,No,No,No,No,No,No,Yes,No,No,No,No,No,No,No,No,Yes,No,No,No,No,No,No,No,No,No,No,"(40.4553, -75.7587)"