Crash Record Number,County Code,County Name,Municipality Code,Municipality Name,District Code,District Name,Police Agency Code,Police Agency Name,Crash Year,Crash Month,Day of Week,Time of Day,Hour of Day,Illumination,Weather,Road Condition,Collision Type,Work Zone Type,Work Zone Location,Intersection Type,Traffic Control Device,Location Type,Urban / Rural,Fatality Count,Injury Count,Person Count,Total Unit Count,School Bus Indicator,School Zone Indicator,Latitude,Longitude,Arrival Time,Dispatch Time,Construction Zone Speed Limit,Estimated Hours Closed,Lane Closed,Lane Closure Direction,Notify Highway Maintenance,Special Jurisdiction,Traffic Control Device Function,Traffic Detour,Workers Present,Work Zone Close/Detour,Work Zone Flagger,Work Zone Law Officer,Work Zone Closure,Work Zone Moving,Work Zone Other,Work Zone Shoulder/Median,Vehicle Count,Automobile Count,Motorcycle Count,Bus Count,Small Truck Count,Heavy Truck Count,SUV Count,Van Count,Bicycle Count,Suspected Serious Injury Count,Suspected Minor Injury Count,Possible Injury Count,Total Injury Count,Unknown Injury Degree Count,Unknown Injury Person Count,16 Year Old Driver Count,17 Year Old Driver Count,18 Year Old Driver Count,19 Year Old Driver Count,20 Year Old Driver Count,50-64 Year Old Driver Count,65-74 Year Old Driver Count,75 Plus Year Old Driver Count,Unbelted Occupant Count,Unbelted Death Count,Unbelted Suspected Serious Injury Count,Belted Death Count,Belted Suspected Serious Injury Count,Motorcycle Death Count,Motorcycle Suspected Serious Injury Count,Bicycle Death Count,Bicycle Suspected Serious Injury Count,Pedestrian Count,Pedestrian Death Count,Pedestrian Suspected Serious Injury Count,Maximum Severity Level,Commercial Vehicle Count,Latitude (Decimal),Longitude (Decimal),Roadway Surface Type,Interstate,State Road,Local Road Only,Turnpike,Wet Road,Snow Slush Road,Icy Road,Sudden Deer,Shoulder Related,Rear End,Head On / Opposite Direction Side Swipe,Hit Fixed Object,Single Vehicle Run Off Road,Work Zone,Property Damage Only,Injury or Fatal,Fatal or Suspected Serious Injury,Injury,Fatal,Non Intersection,Intersection,Signalized Intersection,Stop Controlled Intersection,Unsignalized Intersection,School Bus,School Zone,Hit Deer,Hit Tree / Shrub,Hit Embankment,Hit Pole,Hit Guide Rail,Hit Guide Rail End,Hit Barrier,Hit Bridge,Overturned,Motorcycle,Bicycle,Heavy Truck Related,Vehicle Failure,Train / Trolley,Phantom Vehicle,Alcohol Related,Drinking Driver,Underage Drinking Driver,Unlicensed,Distracted,Cell Phone,No Clearance,Running Red Light,Tailgating,Cross Median,Curved Road,Curve Driver Error,Limit 65 MPH,Speeding,Speeding Related,Aggressive Driving,Fatigue / Asleep,Driver 16 Years Old,Driver 17 Years Old,Driver 18 Years Old,Driver 19 Years Old,Driver 20 Years Old,Driver 50 - 64 Years Old,Driver 65 - 74 Years Old,Driver 75 Plus,Unbelted,Pedestrian,Commercial Vehicle,PSP Reported,NHTSA Aggressive Driving,Deer Related,Illumination Dark,Running Stop Sign,Train,Trolley,Hit Parked Vehicle,Fire In Vehicle,Vehicle Towed,Hazardous Truck,Suspected Serious Injury,Suspected Minor Injury,Possible Injury,Motorcycle Drinking Driver,Drug Related,Illegal Drug Related,School Bus Unit,Drugged Driver,Impaired Driver,Geographic Location of the Crash
1999041323,67,Philadelphia,67301,Philadelphia City,06,District 6-0,67301,PHILADELPHIA CITY,1999,04,6,2050,20,Dark street lights,Rain,Wet,Angle, , ,Four way intersection,Stop sign, ,Urban,0,2,6,2,No,No,39 59:31.560,75 06:34.560,9999,9999,  , ,No, , , ,Device Functioning properly, , , , , , , , , ,2,1,0,0,0,0,0,1,0,2,0,0,2,0,0,0,0,0,1,0,1,0,0,0,0,0,0,0,0,0,0,0,0,0,0,2,0,39.9921,-75.1096, ,No,Yes,No,No,Yes,No,No,No,No,No,No,No,No,No,No,Yes,Yes,Yes,No,No,Yes,No,Yes,Yes,No,No,No,No,No,No,No,No,No,No,No,No,No,No,No,No,No,No,No,No,No,No,No,Yes,No,No,No,No,No,No,No,No,Yes,No,No,No,No,Yes,No,Yes,No,No,No,No,No,No,No,No,Yes,No,No,No,No,No,Yes,No,Yes,No,No,No,No,No,No,No,No,"(39.9921, -75.1096)"
2012007188,03,Armstrong,03227,Wayne Twp,10,District 10-0,68D02,PSP - Kittanning,2012,01,3,0455,04,Dark no street lights,Other,Ice,Hit fixed object, , ,Mid-block,Not applicable, ,Rural,0,1,1,1,No,No,40 54:56.163,79 21:40.172,0600,0518,  ,2,Yes,East, , ,No Controls, , , , , , , , , ,1,0,0,0,0,0,1,0,0,0,0,1,1,0,0,0,0,0,0,0,0,0,0,0,0,0,0,0,0,0,0,0,0,0,0,4,0,40.9156,-79.3612, ,No,Yes,No,No,No,No,Yes,No,No,No,No,Yes,Yes,No,No,Yes,No,Yes,No,Yes,No,No,No,No,No,No,No,No,Yes,No,No,No,No,No,No,No,No,No,No,No,No,No,No,No,No,No,No,No,No,No,No,Yes,No,No,No,Yes,Yes,No,No,No,No,No,No,No,No,No,No,No,No,Yes,No,No,Yes,No,No,No,No,No,Yes,No,No,No,Yes,No,No,No,No,No,No,"(40.9156, -79.3612)"
2005407394,26,Fayette,26214,North Union Twp,12,District 12-0,68B04,PSP - Uniontown,2005,10,5,2045,20,Dark no street lights,No adverse conditions,Dry,Hit fixed object, , ,Mid-block,Not applicable, ,Rural,0,1,1,1,No,No,,,2053,2047,  ,2, ,East and West, , ,No Controls, , , , , , , , , ,1,1,0,0,0,0,0,0,0,0,1,0,1,0,0,0,0,0,0,0,0,0,0,0,0,0,0,0,0,0,0,0,0,0,0,3,0,,, ,No,No,Yes,No,No,No,No,Yes,No,No,No,Yes,Yes,No,No,Yes,No,Yes,No,Yes,No,No,No,No,No,No,No,No,Yes,No,No,No,No,No,Yes,No,No,No,No,No,No,No,No,No,No,No,No,No,No,No,No,No,No,No,No,No,No,No,No,No,No,No,No,No,No,No,No,No,No,Yes,No,Yes,Yes,No,No,No,No,No,Yes,No,No,Yes,No,No,No,No,No,No,No,
2007098025,36,Lancaster,36223,Manor Twp,08,District 8-0,36223,MANOR TWP,2007,09,3,2241,22,Dark street lights,No adverse conditions,Dry,Sideswipe (same dir.), , ,Mid-block,Not applicable, ,Rural,0,0,1,2,No,No,40 01:00.210,76 22:12.745,2248,2243,  ,1,Yes,North, , ,No Controls, , , , , , , , , ,2,1,0,0,1,0,0,0,0,0,0,0,0,0,0,0,0,0,1,0,0,0,0,0,0,0,0,0,0,0,0,0,0,0,0,0,0,40.0167,-76.3702, ,No,No,Yes,No,No,No,No,No,No,No,No,No,Yes,No,Yes,No,No,No,No,Yes,No,No,No,No,No,No,No,No,No,No,No,No,No,No,No,No,No,No,No,No,No,No,No,No,No,Yes,No,No,No,No,No,Yes,No,No,No,No,No,No,No,No,No,Yes,No,No,No,No,No,No,No,No,No,No,Yes,No,No,No,Yes,No,Yes,No,No,No,No,No,No,No,No,No,No,"(40.0167, -76.3702)"
2001200479,36,Lancaster,36228,Pequea Twp,08,District 8-0,36228, ,2001,01,6,2006,20,Dark no street lights,Rain and fog,Wet,Hit fixed object, , ,Mid-block,Not applicable, ,Rural,0,0,1,1,No,No,,,9999,9999,  , ,No, , , ,No Controls, , , , , , , , , ,1,1,0,0,0,0,0,0,0,0,0,0,0,0,0,1,0,0,0,0,0,0,0,0,0,0,0,0,0,0,0,0,0,0,0,0,0,,, ,No,No,Yes,No,Yes,No,No,No,No,No,No,Yes,Yes,No,Yes,No,No,No,No,Yes,No,No,No,No,No,No,No,No,No,Yes,No,No,No,No,No,No,No,No,No,No,No,No,No,No,No,No,No,No,No,No,No,Yes,No,No,No,Yes,Yes,No,Yes,No,No,No,No,No,No,No,No,No,No,No,No,No,Yes,No,No,No,No,No,Yes,No,No,No,No,No,No,No,No,No,No,
2003238225,46,Montgomery,46222,Upper Providence Twp,06,District 6-0,46222,UPPER PROVIDENCE TWP,2003,12,1,1506,15,Daylight,No adverse conditions,Wet,Angle, , ,Four way intersection,Traffic signal, ,Urban,0,3,6,2,No,No,40 09:43.560,75 28:44.760,9999,9999,  , ,No, , , ,Device Functioning properly, , , , , , , , , ,2,1,0,0,0,0,0,1,0,0,0,3,3,0,0,0,0,0,0,0,0,0,0,0,0,0,0,0,0,0,0,0,0,0,0,4,0,40.1621,-75.4791, ,No,Yes,No,No,Yes,No,No,No,No,No,No,No,No,No,No,Yes,No,Yes,No,No,Yes,Yes,No,No,No,No,No,No,No,No,No,No,No,No,No,No,No,No,No,No,No,No,No,No,No,Yes,No,No,Yes,No,No,No,No,No,No,No,Yes,No,No,No,No,No,No,No,No,No,No,No,No,No,No,No,No,No,No,No,No,No,Yes,No,No,No,Yes,No,No,No,No,No,No,"(40.1621, -75.4791)"
2002204284,12,Cameron,12402,Emporium Boro,02,District 2-0,12402,EMPORIUM BORO,2002,01,3,1510,15,Daylight,No adverse conditions,Dry,Hit pedestrian, , ,Mid-block,Not applicable, ,Rural,0,1,3,2,No,No,41 30:39.240,78 14:48.120,9999,9999,  , ,No, , , ,No Controls, , , , , , , , , ,1,1,0,0,0,0,0,0,0,0,0,1,1,0,0,0,0,0,0,0,0,0,0,0,0,0,0,0,0,0,0,0,1,0,0,4,0,41.5109,-78.2467, ,No,Yes,No,No,No,No,No,No,No,No,No,No,No,No,No,Yes,No,Yes,No,Yes,No,No,No,No,No,No,No,No,No,No,No,No,No,No,No,No,No,No,No,No,No,No,No,No,No,No,No,No,No,No,No,No,No,No,No,No,No,No,No,No,No,No,No,No,No,No,No,Yes,No,No,No,No,No,No,No,No,No,No,No,No,No,No,Yes,No,No,No,No,No,No,"(41.5109, -78.2467)"
2011032370,21,Cumberland,21403,Lemoyne Boro,08,District 8-0,21503,WEST SHORE REGIONAL,2011,03,7,0850,08,Dark unknown roadway lighting,No adverse conditions,Dry,Angle, , ,Mid-block,Not applicable, ,Urban,0,0,1,2,No,No,40 14:51.972,76 53:38.032,0855,0850,  , ,No, , , ,No Controls, , , , , , , , , ,2,1,0,0,0,0,0,0,0,0,0,0,0,0,0,0,0,0,0,0,0,0,0,0,0,0,0,0,0,0,0,0,0,0,0,0,0,40.2478,-76.8939, ,No,No,Yes,No,No,No,No,No,No,No,No,No,Yes,No,Yes,No,No,No,No,Yes,No,No,No,No,No,No,No,No,No,No,No,No,No,No,No,No,No,No,No,No,No,No,No,No,No,No,No,No,No,No,No,No,No,No,No,No,No,No,No,No,No,No,No,No,No,No,No,No,No,No,No,No,Yes,No,No,No,Yes,No,Yes,No,No,No,No,No,No,No,No,No,No,"(40.2478, -76.8939)"
1997147095,46,Montgomery,46222,Upper Providence Twp,06,District 6-0,46222,UPPER PROVIDENCE TWP,1997,12,3,1411,14,Daylight,No adverse conditions,Dry,Other or Unknown, , ,Mid-block,Not applicable, ,Urban,0,0,1,1,No,No,40 10:45.480,75 29:17.880,9999,9999,  , ,No, , , ,No Controls, , , , , , , , , ,1,0,0,0,1,0,0,0,0,0,0,0,0,0,0,0,0,0,0,0,0,0,0,0,0,0,0,0,0,0,0,0,0,0,0,0,0,40.1793,-75.4883, ,No,Yes,No,No,No,No,No,Yes,No,No,No,No,No,No,Yes,No,No,No,No,Yes,No,No,No,No,No,No,Yes,No,No,No,No,No,No,No,No,No,No,No,No,No,No,No,No,No,No,No,No,No,No,No,No,No,No,No,No,No,No,No,No,No,No,No,No,No,No,No,No,No,No,No,No,Yes,No,No,No,No,No,No,Yes,No,No,No,No,No,No,No,No,No,No,"(40.1793, -75.4883)"
2010094024,21,Cumberland,21219,West Pennsboro Twp,08,District 8-0,68H02,PSP - Carlisle,2010,09,6,0720,07,Daylight,Fog,Dry,Angle, , ,Four way intersection,Not applicable, ,Rural,0,1,3,3,No,Yes,40 10:24.344,77 22:48.496,0725,0722,  ,1,Yes,East, , ,No Controls, , , , , , , , , ,3,0,0,0,1,0,1,1,0,0,0,1,1,0,0,1,0,0,0,0,0,1,0,0,0,0,0,0,0,0,0,0,0,0,0,4,0,40.1734,-77.3801, ,No,No,Yes,No,No,No,No,No,No,No,No,No,No,No,No,Yes,No,Yes,No,No,Yes,No,No,Yes,No,Yes,No,No,No,No,No,No,No,No,No,No,No,No,No,No,No,No,No,No,No,No,No,Yes,No,No,No,No,No,No,No,No,Yes,No,Yes,No,No,No,No,No,Yes,No,No,No,No,Yes,No,No,No,No,No,No,No,No,Yes,No,No,No,Yes,No,No,No,No,No,No,"(40.1734, -77.3801)"
2009084918,37,Lawrence,37204,Mahoning Twp,11,District 11-0,68D06,PSP - New Castle,2009,08,4,1525,15,Daylight,No adverse conditions,Dry,Angle, , ,Four way intersection,Stop sign, ,Rural,0,0,3,2,No,No,41 01:32.520,80 26:01.320,1544,1529,  , ,No, , , ,Device Functioning properly, , , , , , , , , ,2,2,0,0,0,0,0,0,0,0,0,0,0,0,0,0,0,0,0,0,0,0,0,0,0,0,0,0,0,0,0,0,0,0,0,0,0,41.0257,-80.4337, ,No,No,Yes,No,No,No,No,No,No,No,No,No,No,No,Yes,No,No,No,No,No,Yes,No,Yes,Yes,No,No,No,No,No,No,No,No,No,No,No,No,No,No,No,No,No,No,No,No,No,No,No,No,No,No,No,No,No,No,No,No,Yes,No,No,No,No,No,No,No,No,No,No,No,No,Yes,No,No,No,Yes,No,No,No,No,Yes,No,No,No,No,No,No,No,No,No,No,"(41.0257, -80.4337)"
2017020808,02,Allegheny,02301,Pittsburgh City,11,District 11-0,02301,PITTSBURGH CITY,2016,12,7,0314,03,Dark street lights,Sleet(hail),Ice,Sideswipe (Opposite dir.), , ,Mid-block,Not applicable, ,Urban,0,0,1,4,No,No,40 28:51.916,79 56:29.731,0324,0314,  , ,No, , , ,No Controls, , , , , , , , , ,4,2,0,0,1,0,1,0,0,0,0,0,0,0,0,0,0,0,0,0,0,0,0,0,0,0,0,0,0,0,0,0,0,0,0,0,0,40.4811,-79.9416, ,No,No,Yes,No,No,No,Yes,No,No,No,Yes,No,No,No,Yes,No,No,No,No,Yes,No,No,No,No,No,No,No,No,No,No,No,No,No,No,No,No,No,No,No,No,No,No,No,No,No,No,No,No,No,No,No,Yes,No,No,No,No,No,No,No,No,No,No,No,No,No,No,No,No,No,No,No,No,Yes,No,No,No,Yes,No,Yes,No,No,No,No,No,No,No,No,No,No,"(40.4811, -79.9416)"
2008094181,62,Washington,62227,South Strabane Twp,12,District 12-0,68B01,PSP - Washington,2008,08,2,0845,08,Daylight,No adverse conditions,Dry,Rear-end, , ,Y intersection,Yield sign, ,Urban,0,1,2,2,No,No,40 11:07.456,80 13:48.651,0920,0852,  , ,No, , , ,Device Functioning properly, , , , , , , , , ,2,1,0,0,0,0,0,1,0,0,1,0,1,0,0,0,0,0,0,0,0,0,0,0,0,0,0,0,0,0,0,0,0,0,0,3,0,40.1851,-80.2295, ,Yes,Yes,No,No,No,No,No,No,No,Yes,No,No,No,No,No,Yes,No,Yes,No,No,Yes,No,No,Yes,No,No,No,No,No,No,No,No,No,No,No,No,No,No,No,No,No,No,No,No,No,No,No,No,No,No,No,No,No,No,No,No,No,No,No,No,No,No,No,No,No,No,No,No,No,Yes,No,No,No,No,No,No,No,No,Yes,No,No,Yes,No,No,No,No,No,No,No,"(40.1851, -80.2295)"
2014111332,09,Bucks,09227,Warrington Twp,06,District 6-0,09227,WARRINGTON TWP,2014,11,2,0742,07,Daylight,No adverse conditions,Dry,Hit pedestrian, , ,Mid-block,Not applicable, ,Urban,0,1,2,2,No,No,40 15:01.243,75 11:37.828,0747,0742,  , ,No, , , ,No Controls, , , , , , , , , ,1,0,0,0,0,0,1,0,0,0,0,1,1,0,0,0,0,0,0,0,1,0,0,0,0,0,0,0,0,0,0,0,1,0,0,4,0,40.2503,-75.1938, ,No,Yes,No,No,No,No,No,No,No,No,No,No,No,No,No,Yes,No,Yes,No,Yes,No,No,No,No,No,No,No,No,No,No,No,No,No,No,No,No,No,No,No,No,No,No,No,No,No,No,No,No,No,No,No,No,No,No,No,No,No,No,No,No,No,No,No,Yes,No,No,No,Yes,No,No,No,No,No,No,No,No,No,No,No,No,No,No,Yes,No,No,No,No,No,No,"(40.2503, -75.1938)"
2007031734,66,York,66216,Lower Windsor Twp,08,District 8-0,66216,LOWER WINDSOR TWP,2007,03,6,0845,08,Daylight,Sleet(hail),Ice Patches,Hit fixed object, , ,Mid-block,Not applicable, ,Rural,0,0,1,1,No,No,39 55:54.910,76 31:22.583,0852,0846,  ,2,Yes,North And South, , ,No Controls, , , , , , , , , ,1,0,0,0,1,0,0,0,0,0,0,0,0,0,0,0,0,0,0,0,0,0,1,0,0,0,0,0,0,0,0,0,0,0,0,0,0,39.9319,-76.5229, ,No,No,Yes,No,No,No,Yes,No,No,No,No,Yes,Yes,No,Yes,No,No,No,No,Yes,No,No,No,No,No,No,No,No,No,Yes,No,No,No,No,No,No,No,No,No,No,No,No,No,No,No,No,No,No,No,No,No,Yes,No,No,No,No,No,No,No,No,No,No,No,No,No,Yes,No,No,No,No,No,No,No,No,No,No,No,No,Yes,No,No,No,No,No,No,No,No,No,No,"(39.9319, -76.5229)"
2013100364,06,Berks,06301,Reading City,05,District 5-0,06301,READING CITY,2013,10,3,0551,05,Dark street lights,No adverse conditions,Dry,Sideswipe (Opposite dir.), , ,Mid-block,Not applicable, ,Urban,0,1,3,2,No,No,40 21:33.954,75 55:35.642,0558,0551,  ,1, ,North, , ,No Controls, , , , , , , , , ,2,1,0,0,0,0,1,0,0,0,0,0,1,1,0,0,0,0,0,0,0,0,0,0,0,0,0,0,0,0,0,0,0,0,0,8,0,40.3594,-75.9266, ,No,Yes,No,No,No,No,No,No,No,No,Yes,No,No,No,No,Yes,No,Yes,No,Yes,No,No,No,No,No,No,No,No,No,No,No,No,No,No,No,No,No,No,No,No,No,No,No,No,No,No,No,No,No,No,No,Yes,Yes,No,No,No,No,No,No,No,No,No,No,No,No,No,No,No,No,No,No,No,Yes,No,No,No,No,No,Yes,No,No,No,No,No,No,No,No,No,No,"(40.3594, -75.9266)"
2010018758,02,Allegheny,02446,Monroeville Boro,11,District 11-0,02446,MONROEVILLE BORO,2010,02,4,2220,22,Dark street lights,Snow,Ice,Sideswipe (Opposite dir.), , ,Mid-block,Not applicable, ,Urban,0,1,4,2,No,No,40 26:37.270,79 46:40.760,2230,2220,  ,2, ,East and West, , ,No Controls, , , , , , , , , ,2,2,0,0,0,0,0,0,0,1,0,0,1,0,0,0,0,0,0,0,0,0,0,0,0,0,0,1,0,0,0,0,0,0,0,2,0,40.4437,-79.778, ,No,No,Yes,No,No,No,Yes,No,No,No,Yes,No,No,No,No,Yes,Yes,Yes,No,Yes,No,No,No,No,No,No,No,No,No,No,No,No,No,No,No,No,No,No,No,No,No,No,No,No,No,No,No,No,No,No,No,No,No,No,No,No,No,No,No,No,No,No,No,No,No,No,No,No,No,No,No,No,Yes,No,No,No,No,No,Yes,No,Yes,No,No,No,No,No,No,No,No,"(40.4437, -79.778)"
2010037624,33,Jefferson,33222,Winslow Twp,10,District 10-0,68C04,PSP - DuBois,2010,04,7,0930,09,Daylight,No adverse conditions,Dry,Hit fixed object, , ,Mid-block,Not applicable, ,Rural,0,0,1,1,No,No,41 06:29.460,78 49:39.813,1138,1109,  , ,No, , , ,No Controls, , , , , , , , , ,1,0,0,0,1,0,0,0,0,0,0,0,0,0,0,0,0,0,0,0,0,0,0,0,0,0,0,0,0,0,0,0,0,0,0,0,0,41.1082,-78.8278, ,No,Yes,No,No,No,No,No,No,No,No,No,Yes,Yes,No,Yes,No,No,No,No,Yes,No,No,No,No,No,No,No,Yes,No,No,No,No,No,No,No,No,No,No,No,No,No,No,No,No,No,No,No,No,No,No,No,No,No,No,No,No,No,No,No,No,No,No,No,No,No,No,No,No,No,Yes,No,No,No,No,No,No,No,No,Yes,No,No,No,No,No,No,No,No,No,No,"(41.1082, -78.8278)"
2001271713,14,Centre,14216,Patton Twp,02,District 2-0,14216,PATTON TWP,2001,08,6,1030,10,Daylight,Rain,Dry,Hit fixed object, , ,Mid-block,Not applicable, ,Rural,0,0,1,1,No,No,40 51:29.880,77 52:39.000,9999,9999,  , ,No, , , ,No Controls, , , , , , , , , ,1,1,0,0,0,0,0,0,0,0,0,0,0,0,0,0,0,0,0,0,1,0,0,0,0,0,0,0,0,0,0,0,0,0,0,0,0,40.8583,-77.8774, ,No,Yes,No,No,No,No,No,No,No,No,No,Yes,Yes,No,Yes,No,No,No,No,Yes,No,No,No,No,No,No,No,No,Yes,No,No,No,No,No,No,No,No,No,No,No,No,No,No,No,No,No,No,No,No,No,No,Yes,No,No,No,Yes,Yes,No,No,No,No,No,No,Yes,No,No,No,No,No,No,No,No,No,No,No,No,No,No,Yes,No,No,No,No,No,No,No,No,No,No,"(40.8583, -77.8774)"
2009093804,46,Montgomery,46110,Upper Moreland Twp,06,District 6-0,46110,UPPER MORELAND TWP,2009,09,7,0959,09,Daylight,No adverse conditions,Dry,Hit pedestrian, , ,T intersection,Stop sign, ,Urban,0,1,2,2,No,No,40 09:09.768,75 07:17.050,1000,0959,  , ,No, , , ,Device Functioning properly, , , , , , , , , ,1,1,0,0,0,0,0,0,0,0,0,0,1,1,0,0,0,0,0,0,0,0,0,0,0,0,0,0,0,0,0,0,1,0,0,8,0,40.1527,-75.1214, ,No,Yes,No,No,No,No,No,No,No,No,No,No,No,No,No,Yes,No,Yes,No,No,Yes,No,Yes,Yes,No,No,No,No,No,No,No,No,No,No,No,No,No,No,No,No,No,No,No,No,No,No,No,No,No,No,No,No,No,No,No,No,No,No,No,No,No,No,No,No,No,No,No,Yes,No,No,No,No,No,No,No,No,No,No,No,No,No,No,No,No,No,No,No,No,No,"(40.1527, -75.1214)"
2006099716,02,Allegheny,02301,Pittsburgh City,11,District 11-0,02301,PITTSBURGH CITY,2006,09,1,0320,03,Dark street lights,No adverse conditions,Dry,Hit fixed object, , ,Mid-block,Not applicable, ,Urban,0,0,2,1,No,No,40 24:40.320,80 04:51.240,0330,0330,  , ,No, , , ,No Controls, , , , , , , , , ,1,0,0,0,1,0,0,0,0,0,0,0,0,0,0,0,0,0,0,0,0,0,0,0,0,0,0,0,0,0,0,0,0,0,0,0,0,40.4112,-80.0809, ,No,Yes,No,No,No,No,No,No,No,No,No,Yes,Yes,No,Yes,No,No,No,No,Yes,No,No,No,No,No,No,No,No,No,No,No,No,No,No,No,No,No,No,No,No,No,No,No,No,No,No,No,No,No,No,No,Yes,No,No,No,Yes,Yes,No,No,No,No,No,No,No,No,No,No,No,No,No,No,No,Yes,No,No,No,No,No,Yes,No,No,No,No,No,No,No,No,No,No,"(40.4112, -80.0809)"
1999120437,46,Montgomery,46103,Hatfield Twp,06,District 6-0,46103,HATFIELD TWP,1999,10,4,1835,18,Daylight,No adverse conditions,Dry,Rear-end, , ,Mid-block,Not applicable, ,Urban,0,2,3,3,No,No,40 15:35.280,75 15:49.320,9999,9999,  , ,No, , , ,No Controls, , , , , , , , , ,3,2,0,0,0,0,0,1,0,0,1,1,2,0,0,0,1,0,1,0,0,0,0,0,0,0,0,0,0,0,0,0,0,0,0,3,0,40.2598,-75.2637, ,No,Yes,No,No,No,No,No,No,No,Yes,No,No,No,No,No,Yes,No,Yes,No,Yes,No,No,No,No,No,No,No,No,No,No,No,No,No,No,No,No,No,No,No,No,No,No,No,No,No,No,No,No,No,No,No,No,No,No,No,No,Yes,No,No,Yes,No,Yes,No,No,No,No,No,No,No,No,No,No,No,No,No,No,No,No,Yes,No,No,Yes,Yes,No,No,No,No,No,No,"(40.2598, -75.2637)"
2010116203,46,Montgomery,46205,Limerick Twp,06,District 6-0,46205,LIMERICK TWP,2010,11,2,0456,04,Dark no street lights,No adverse conditions,Dry,Hit fixed object, , ,Mid-block,Not applicable, ,Rural,0,2,2,1,No,No,40 15:23.135,75 29:53.314,0504,0456,  ,2,Yes,East, , ,No Controls, , , , , , , , , ,1,0,0,0,0,0,1,0,0,0,0,2,2,0,0,0,0,0,0,0,0,0,0,0,0,0,0,0,0,0,0,0,0,0,0,4,0,40.2564,-75.4982, ,No,Yes,No,No,No,No,No,No,No,No,No,Yes,Yes,No,No,Yes,No,Yes,No,Yes,No,No,No,No,No,No,No,Yes,No,No,No,No,No,No,No,No,No,No,No,No,No,No,No,No,No,No,No,No,No,No,No,Yes,No,No,No,No,No,No,No,No,No,No,No,No,No,No,No,No,No,No,No,No,Yes,No,No,No,No,No,Yes,No,No,No,Yes,No,No,No,No,No,No,"(40.2564, -75.4982)"
2006085386,02,Allegheny,02301,Pittsburgh City,11,District 11-0,02301,PITTSBURGH CITY,2006,08,2,1437,14,Daylight,No adverse conditions,Dry,Angle, , ,Four way intersection,Traffic signal, ,Urban,0,1,2,2,No,No,40 27:14.000,79 54:44.478,1447,1437,  , ,No, , , ,Device Functioning properly, , , , , , , , , ,2,1,0,0,0,0,1,0,0,0,1,0,1,0,0,0,0,0,0,0,2,0,0,0,0,0,0,0,0,0,0,0,0,0,0,3,0,40.454,-79.9124, ,No,Yes,No,No,No,No,No,No,No,No,No,No,No,No,No,Yes,No,Yes,No,No,Yes,Yes,No,No,No,No,No,No,No,No,No,No,No,No,No,No,No,No,No,No,No,No,No,No,No,No,No,Yes,No,No,No,No,No,No,No,No,Yes,No,No,No,No,No,No,Yes,No,No,No,No,No,No,Yes,No,No,No,No,No,No,No,Yes,No,No,Yes,No,No,No,No,No,No,No,"(40.454, -79.9124)"
2016034776,11,Cambria,11216,Jackson Twp,09,District 9-0,11216,JACKSON TWP,2016,02,1,1403,14,Daylight,No adverse conditions,Wet,Hit fixed object, , ,Mid-block,Not applicable, ,Rural,0,2,2,1,No,No,40 26:03.880,78 54:43.073,1410,1403,  ,1,Yes,East, , ,No Controls, , , , , , , , , ,1,1,0,0,0,0,0,0,0,0,0,0,2,2,0,0,0,0,1,0,0,0,0,0,0,0,0,0,0,0,0,0,0,0,0,8,0,40.4344,-78.912, ,No,Yes,No,No,Yes,No,No,No,No,No,No,Yes,Yes,No,No,Yes,No,Yes,No,Yes,No,No,No,No,No,No,No,No,No,No,No,No,No,No,Yes,No,No,No,No,No,No,No,No,No,No,No,No,No,No,No,No,No,No,No,No,No,No,No,No,No,No,Yes,No,No,No,No,No,No,No,No,No,No,No,No,No,No,No,No,Yes,No,No,No,No,No,No,No,No,No,No,"(40.4344, -78.912)"
2003233777,64,Westmoreland,64302,Greensburg City,12,District 12-0,64302,GREENSBURG CITY,2003,10,6,1311,13,Daylight,No adverse conditions,Dry,Angle, , ,Four way intersection,Traffic signal, ,Urban,0,0,2,2,No,No,40 17:57.840,79 32:35.520,9999,9999,  , ,No, , , ,Device Functioning properly, , , , , , , , , ,2,2,0,0,0,0,0,0,0,0,0,0,0,0,0,0,0,0,0,0,0,0,1,0,0,0,0,0,0,0,0,0,0,0,0,0,0,40.2994,-79.5432, ,No,Yes,No,No,No,No,No,No,No,No,No,No,No,No,Yes,No,No,No,No,No,Yes,Yes,No,No,No,No,No,No,No,No,No,No,No,No,No,No,No,No,No,No,No,No,No,No,No,No,No,No,Yes,No,No,No,No,No,No,No,Yes,No,No,No,No,No,No,No,No,Yes,No,No,No,No,No,No,No,No,No,No,No,No,Yes,No,No,No,No,No,No,No,No,No,No,"(40.2994, -79.5432)"