Crash Record Number,County Code,County Name,Municipality Code,Municipality Name,District Code,District Name,Police Agency Code,Police Agency Name,Crash Year,Crash Month,Day of Week,Time of Day,Hour of Day,Illumination,Weather,Road Condition,Collision Type,Work Zone Type,Work Zone Location,Intersection Type,Traffic Control Device,Location Type,Urban / Rural,Fatality Count,Injury Count,Person Count,Total Unit Count,School Bus Indicator,School Zone Indicator,Latitude,Longitude,Arrival Time,Dispatch Time,Construction Zone Speed Limit,Estimated Hours Closed,Lane Closed,Lane Closure Direction,Notify Highway Maintenance,Special Jurisdiction,Traffic Control Device Function,Traffic Detour,Workers Present,Work Zone Close/Detour,Work Zone Flagger,Work Zone Law Officer,Work Zone Closure,Work Zone Moving,Work Zone Other,Work Zone Shoulder/Median,Vehicle Count,Automobile Count,Motorcycle Count,Bus Count,Small Truck Count,Heavy Truck Count,SUV Count,Van Count,Bicycle Count,Suspected Serious Injury Count,Suspected Minor Injury Count,Possible Injury Count,Total Injury Count,Unknown Injury Degree Count,Unknown Injury Person Count,16 Year Old Driver Count,17 Year Old Driver Count,18 Year Old Driver Count,19 Year Old Driver Count,20 Year Old Driver Count,50-64 Year Old Driver Count,65-74 Year Old Driver Count,75 Plus Year Old Driver Count,Unbelted Occupant Count,Unbelted Death Count,Unbelted Suspected Serious Injury Count,Belted Death Count,Belted Suspected Serious Injury Count,Motorcycle Death Count,Motorcycle Suspected Serious Injury Count,Bicycle Death Count,Bicycle Suspected Serious Injury Count,Pedestrian Count,Pedestrian Death Count,Pedestrian Suspected Serious Injury Count,Maximum Severity Level,Commercial Vehicle Count,Latitude (Decimal),Longitude (Decimal),Roadway Surface Type,Interstate,State Road,Local Road Only,Turnpike,Wet Road,Snow Slush Road,Icy Road,Sudden Deer,Shoulder Related,Rear End,Head On / Opposite Direction Side Swipe,Hit Fixed Object,Single Vehicle Run Off Road,Work Zone,Property Damage Only,Injury or Fatal,Fatal or Suspected Serious Injury,Injury,Fatal,Non Intersection,Intersection,Signalized Intersection,Stop Controlled Intersection,Unsignalized Intersection,School Bus,School Zone,Hit Deer,Hit Tree / Shrub,Hit Embankment,Hit Pole,Hit Guide Rail,Hit Guide Rail End,Hit Barrier,Hit Bridge,Overturned,Motorcycle,Bicycle,Heavy Truck Related,Vehicle Failure,Train / Trolley,Phantom Vehicle,Alcohol Related,Drinking Driver,Underage Drinking Driver,Unlicensed,Distracted,Cell Phone,No Clearance,Running Red Light,Tailgating,Cross Median,Curved Road,Curve Driver Error,Limit 65 MPH,Speeding,Speeding Related,Aggressive Driving,Fatigue / Asleep,Driver 16 Years Old,Driver 17 Years Old,Driver 18 Years Old,Driver 19 Years Old,Driver 20 Years Old,Driver 50 - 64 Years Old,Driver 65 - 74 Years Old,Driver 75 Plus,Unbelted,Pedestrian,Commercial Vehicle,PSP Reported,NHTSA Aggressive Driving,Deer Related,Illumination Dark,Running Stop Sign,Train,Trolley,Hit Parked Vehicle,Fire In Vehicle,Vehicle Towed,Hazardous Truck,Suspected Serious Injury,Suspected Minor Injury,Possible Injury,Motorcycle Drinking Driver,Drug Related,Illegal Drug Related,School Bus Unit,Drugged Driver,Impaired Driver,Geographic Location of the Crash
2005162516,36,Lancaster,36101,Manheim Twp,08,District 8-0,36101,MANHEIM TWP,2002,08,7,1645,16,Daylight,Rain,Wet,Hit fixed object, , ,Mid-block,Not applicable, ,Urban,0,0,3,1,No,No,40 06:58.604,76 19:15.477,1655,1651,  , ,No, , , ,No Controls, , , , , , , , , ,1,1,0,0,0,0,0,0,0,0,0,0,0,0,0,0,0,1,0,0,0,0,0,0,0,0,0,0,0,0,0,0,0,0,0,0,0,40.1163,-76.321, ,No,No,Yes,No,Yes,No,No,No,No,No,No,Yes,Yes,No,Yes,No,No,No,No,Yes,No,No,No,No,No,No,No,Yes,No,No,No,No,No,No,No,No,No,No,No,No,No,No,No,No,No,No,No,No,No,No,No,No,No,No,Yes,Yes,Yes,No,No,No,Yes,No,No,No,No,No,No,No,No,No,Yes,No,No,No,No,No,No,No,Yes,No,No,No,No,No,No,No,No,No,No,"(40.1163, -76.321)"
2017124206,02,Allegheny,02466,Plum Boro,11,District 11-0,02466,PLUM BORO,2017,11,7,1548,15,Daylight,No adverse conditions,Dry,Head-on,Construction,Activity area,Mid-block,Other Type TCD,Not applicable,Urban,0,0,1,2,N,N,40 32:45.878,79 45:34.978,1619,1548,90,9,2,5,N, ,9,Y,N,Y, ,N, , , , ,2,1,0,0,0,1,0,0,0,0,0,0,0,0,0,0,0,0,0,0,0,0,0,0,0,0,0,0,0,0,0,0,0,0,0,0,1,40.546100000000003,-79.759699999999995,  ,No,Yes,No,No,No,No,No,No,No,No,Yes,No,No,Yes,Yes,No,No,No,No,Yes,No,No,No,No,No,No,No,No,No,No,No,No,No,No,No,No,No,No,No,No,No,No,No,No,No,No,No,No,No,No,No,No,No,No,No,No,No,No,No,No,No,No,No,No,No,No,No,No,Yes,No,No,No,No,No,No,No,Yes,No,Yes,No,No,No,No,No,Yes,Yes,No,Yes,Yes,"(40.5461, -79.7597)"
2011132873,67,Philadelphia,67301,Philadelphia City,06,District 6-0,67301,PHILADELPHIA CITY,2011,11,5,0624,06,Daylight,No adverse conditions,Dry,Hit pedestrian, , ,Four way intersection,Traffic signal, ,Urban,0,1,2,2,No,No,40 01:24.018,75 10:44.495,0627,0626,  , ,No, , , ,Device Functioning properly, , , , , , , , , ,1,1,0,0,0,0,0,0,0,0,1,0,1,0,0,0,0,0,0,0,1,0,0,0,0,0,0,0,0,0,0,0,1,0,0,3,0,40.0233,-75.179, ,No,Yes,No,No,No,No,No,No,No,No,No,No,No,No,No,Yes,No,Yes,No,No,Yes,Yes,No,No,No,No,No,No,No,No,No,No,No,No,No,No,No,No,No,No,No,No,No,No,No,No,No,No,No,No,No,No,No,No,No,No,Yes,No,No,No,No,No,No,Yes,No,No,No,Yes,No,No,No,No,No,No,No,No,No,No,No,No,No,Yes,No,No,No,No,No,No,No,"(40.0233, -75.179)"
2000146070,64,Westmoreland,64437,Municipality of Murrysville,12,District 12-0,64437,MURRYSVILLE,2000,12,5,0640,06,Dark no street lights,Snow,Ice Patches,Hit fixed object, , ,Mid-block,Not applicable, ,Urban,0,0,1,1,No,No,,,9999,9999,  , ,No, , , ,No Controls, , , , , , , , , ,1,1,0,0,0,0,0,0,0,0,0,0,0,0,0,0,0,0,1,0,0,0,0,0,0,0,0,0,0,0,0,0,0,0,0,0,0,,, ,No,No,Yes,No,No,No,Yes,No,No,No,No,Yes,Yes,No,Yes,No,No,No,No,Yes,No,No,No,No,No,No,No,No,Yes,No,No,No,No,No,Yes,No,No,No,No,No,No,No,No,No,No,No,No,No,No,No,No,Yes,No,No,No,Yes,Yes,No,No,No,No,Yes,No,No,No,No,No,No,No,No,No,No,Yes,No,No,No,No,No,Yes,No,No,No,No,No,No,No,No,No,No,
2002064681,15,Chester,15250,West Nottingham Twp,06,District 6-0,15250,WEST NOTTINGHAM TWP,2002,09,4,1620,16,Daylight,No adverse conditions,Dry,Rear-end, , ,T intersection,Stop sign, ,Rural,0,0,4,3,No,No,39 45:06.840,76 01:32.160,1633,1629,  ,1,Yes,South, , ,Device Functioning properly, , , , , , , , , ,3,1,0,0,2,0,0,0,0,0,0,0,0,0,0,0,0,0,1,0,0,0,0,0,0,0,0,0,0,0,0,0,0,0,0,0,0,39.7519,-76.0257, ,No,Yes,No,No,No,No,No,No,No,Yes,No,No,No,No,Yes,No,No,No,No,No,Yes,No,Yes,Yes,No,No,No,No,Yes,No,No,No,No,No,No,No,No,No,No,No,No,No,No,No,No,No,No,No,No,No,No,No,No,No,No,No,No,No,No,No,No,Yes,No,No,No,No,No,No,No,No,No,No,No,No,No,No,No,No,Yes,No,No,No,No,No,No,No,No,No,No,"(39.7519, -76.0257)"
2004060035,67,Philadelphia,67301,Philadelphia City,06,District 6-0,67301,PHILADELPHIA CITY,2003,08,6,1217,12,Daylight,No adverse conditions,Dry,Angle, , ,Four way intersection,Traffic signal, ,Urban,0,1,2,2,No,No,,,1219,1217,  , ,No, , , ,Device Functioning properly, , , , , , , , , ,1,1,0,0,0,0,0,0,1,0,0,1,1,0,0,0,0,0,0,0,0,0,0,0,0,0,0,0,0,0,0,0,0,0,0,4,0,,, ,No,No,Yes,No,No,No,No,No,No,No,No,No,No,No,No,Yes,No,Yes,No,No,Yes,Yes,No,No,No,No,No,No,No,No,No,No,No,No,No,No,Yes,No,Yes,No,No,No,No,No,No,No,No,No,No,No,No,No,No,No,No,No,No,No,No,No,No,No,No,No,No,No,No,No,No,No,No,No,No,No,No,No,No,No,No,No,No,No,Yes,No,No,No,No,No,No,
2016084563,67,Philadelphia,67301,Philadelphia City,06,District 6-0,67301,PHILADELPHIA CITY,2016,08,2,1020,10,Daylight,No adverse conditions,Dry,Rear-end, , ,Multi-leg intersection,Traffic signal, ,Urban,0,1,2,2,No,No,39 59:42.637,75 06:56.944,1038,1036,  , ,No, , , ,Device Functioning properly, , , , , , , , , ,2,0,0,0,0,0,1,1,0,0,1,0,1,0,0,0,0,0,0,0,1,0,0,0,0,0,0,0,0,0,0,0,0,0,0,3,0,39.9952,-75.1158, ,No,No,Yes,No,No,No,No,No,No,Yes,No,No,No,No,No,Yes,No,Yes,No,No,Yes,Yes,No,No,No,No,No,No,No,No,No,No,No,No,No,No,No,No,Yes,No,No,No,No,No,No,No,No,No,No,Yes,No,No,No,No,No,No,Yes,No,No,No,No,No,No,Yes,No,No,No,No,No,No,No,No,No,No,No,No,No,No,Yes,No,No,Yes,No,No,No,No,No,No,No,"(39.9952, -75.1158)"
2015007830,01,Adams,01201,Berwick Twp,08,District 8-0,68H06,PSP - Gettysburg,2015,01,6,1813,18,Dark street lights,No adverse conditions,Dry,Rear-end, , ,Mid-block,Not applicable, ,Rural,0,2,3,2,No,No,39 52:48.018,76 58:56.616,1826,1813,  ,2,Yes,North, , ,No Controls, , , , , , , , , ,2,2,0,0,0,0,0,0,0,0,0,2,2,0,0,0,1,0,0,0,0,0,0,0,0,0,0,0,0,0,0,0,0,0,0,4,0,39.88,-76.9824, ,No,Yes,No,No,No,No,No,No,No,Yes,No,No,No,No,No,Yes,No,Yes,No,Yes,No,No,No,No,No,No,No,No,No,No,No,No,No,No,No,No,No,No,No,No,No,No,No,No,No,No,No,No,No,No,No,No,No,No,No,Yes,Yes,No,No,Yes,No,No,No,No,No,No,No,No,No,Yes,No,No,Yes,No,No,No,No,No,Yes,No,No,No,Yes,No,No,No,No,No,No,"(39.88, -76.9824)"
1999048947,36,Lancaster,36215,East Lampeter Twp,08,District 8-0,36215,EAST LAMPETER TWP,1999,06,3,0645,06,Daylight,No adverse conditions,Dry,Angle, , ,T intersection,Stop sign, ,Rural,0,1,2,2,No,No,40 02:25.440,76 14:46.320,9999,9999,  , ,No, , , ,Device Functioning properly, , , , , , , , , ,2,0,1,0,0,1,0,0,0,0,0,1,1,0,0,0,0,0,0,0,2,0,0,0,0,0,0,0,0,0,0,0,0,0,0,4,1,40.0404,-76.2462, ,No,Yes,No,No,No,No,No,No,No,No,No,No,No,No,No,Yes,No,Yes,No,No,Yes,No,Yes,Yes,No,No,No,No,No,No,No,No,No,No,No,Yes,No,Yes,No,No,No,No,No,No,No,No,No,Yes,No,No,No,No,No,No,No,No,Yes,No,No,No,No,No,No,Yes,No,No,No,No,Yes,No,No,No,No,No,No,No,No,No,No,No,No,No,Yes,No,No,No,No,No,No,"(40.0404, -76.2462)"
2007089045,35,Lackawanna,35220,Spring Brook Twp,04,District 4-0,68R01,PSP - Dunmore,2007,07,7,0419,04,Dark no street lights,No adverse conditions,Dry,Hit fixed object, , ,Mid-block,Not applicable, ,Rural,0,0,1,1,No,No,41 19:27.000,75 34:41.054,0439,0420,  ,3, ,East and West, , ,No Controls, , , , , , , , , ,1,1,0,0,0,0,0,0,0,0,0,0,0,0,0,0,0,0,0,0,0,0,0,0,0,0,0,0,0,0,0,0,0,0,0,0,0,41.3245,-75.578, ,No,Yes,No,No,No,No,No,No,No,No,No,Yes,Yes,No,Yes,No,No,No,No,Yes,No,No,No,No,No,No,No,No,No,Yes,No,No,No,No,No,No,No,No,No,No,No,No,No,No,No,No,No,No,No,No,No,No,No,No,No,No,No,No,No,No,No,No,No,No,No,No,No,No,No,Yes,No,No,Yes,No,No,No,No,No,Yes,No,No,No,No,No,No,No,No,No,No,"(41.3245, -75.578)"
2006092064,53,Schuylkill,53218,North Manheim Twp,05,District 5-0,68L07,PSP - Schuylkill Haven,2006,07,6,2327,23,Dark unknown roadway lighting,No adverse conditions,Dry,Hit fixed object, , ,Mid-block,Not applicable, ,Rural,0,0,1,1,No,No,40 40:41.000,76 10:40.378,2336,2328,  , ,No, , , ,No Controls, , , , , , , , , ,1,0,0,0,0,0,1,0,0,0,0,0,0,0,0,0,0,0,0,0,0,0,0,0,0,0,0,0,0,0,0,0,0,0,0,0,0,40.6783,-76.1778, ,No,Yes,No,No,No,No,No,No,No,No,No,Yes,Yes,No,Yes,No,No,No,No,Yes,No,No,No,No,No,No,No,No,Yes,No,No,No,No,No,Yes,No,No,No,No,No,No,No,No,No,No,Yes,No,No,No,No,No,No,No,No,No,No,No,Yes,No,No,No,No,No,No,No,No,No,No,No,Yes,No,No,Yes,No,No,No,No,No,Yes,No,No,No,No,No,No,No,No,No,No,"(40.6783, -76.1778)"
2005017928,05,Bedford,05219,Snake Spring Twp,09,District 9-0,68T04,PSP - Everett,2004,07,2,1444,14,Daylight,No adverse conditions,Dry,Rear-end, , ,Mid-block,Not applicable, ,Rural,0,0,5,2,No,No,40 00:38.700,78 23:56.900,1450,1444,  , ,No, , , ,No Controls, , , , , , , , , ,2,1,0,0,0,0,1,0,0,0,0,0,0,0,0,0,0,0,0,0,0,0,0,0,0,0,0,0,0,0,0,0,0,0,0,0,0,40.0107,-78.3946, ,No,No,No,Yes,No,No,No,No,No,Yes,No,No,No,No,Yes,No,No,No,No,Yes,No,No,No,No,No,No,No,No,No,No,No,No,No,No,No,No,No,No,No,No,No,No,No,No,No,No,No,No,No,No,No,No,No,Yes,No,No,Yes,No,No,No,No,No,No,No,No,No,No,No,No,Yes,No,No,No,No,No,No,No,No,Yes,No,No,No,No,No,No,No,No,No,No,"(40.0107, -78.3946)"
2003056707,67,Philadelphia,67301,Philadelphia City,06,District 6-0,67301,PHILADELPHIA CITY,2002,09,2,1600,16,Daylight, ,Unknown (expired),Hit pedestrian, , ,Four way intersection,Not applicable, ,Urban,0,1,2,2,No,No,,,1600,1620,  , ,No, , , ,No Controls, , , , , , , , , ,1,1,0,0,0,0,0,0,0,0,0,1,1,0,1,0,0,0,0,0,0,0,0,0,0,0,0,0,0,0,0,0,1,0,0,4,0,,, ,No,No,Yes,No,No,No,No,No,No,No,No,No,No,No,No,Yes,No,Yes,No,No,Yes,No,No,Yes,No,No,No,No,No,No,No,No,No,No,No,No,No,No,No,No,No,No,No,No,No,No,No,No,No,No,Yes,No,No,No,No,No,No,No,No,No,No,No,No,No,No,No,No,Yes,No,No,No,No,No,No,No,No,No,No,No,No,No,No,Yes,No,No,No,No,No,No,
2015043259,67,Philadelphia,67301,Philadelphia City,06,District 6-0,67301,PHILADELPHIA CITY,2015,03,2,0808,08,Daylight,Other,Wet,Rear-end, , ,Mid-block,Not applicable, ,Urban,0,1,3,2,No,No,39 59:30.194,75 05:03.936,0811,0808,  , ,No, , , ,No Controls, , , , , , , , , ,2,1,0,0,1,0,0,0,0,0,0,1,1,0,0,0,0,0,0,0,1,0,0,0,0,0,0,0,0,0,0,0,0,0,0,4,0,39.9917,-75.0844, ,No,Yes,No,No,Yes,No,No,No,No,Yes,No,No,No,No,No,Yes,No,Yes,No,Yes,No,No,No,No,No,No,No,No,No,No,No,No,No,No,No,No,No,No,No,No,No,No,No,No,No,No,No,No,No,No,No,No,No,No,No,No,No,No,No,No,No,No,No,Yes,No,No,No,No,No,No,No,No,No,No,No,No,No,No,No,No,No,No,Yes,No,No,No,No,No,No,"(39.9917, -75.0844)"
2003004615,28,Franklin,28204,Guilford Twp,08,District 8-0,68H03,PSP - Chambersburg,2002,01,4,1543,15,Daylight,No adverse conditions,Dry,Rear-end, , ,Mid-block,Not applicable, ,Rural,0,0,3,3,No,No,39 54:40.648,77 37:58.158,1556,1545,  , ,No, , , ,No Controls, , , , , , , , , ,3,2,0,0,1,0,0,0,0,0,0,0,0,0,0,0,0,0,0,0,1,0,1,0,0,0,0,0,0,0,0,0,0,0,0,0,0,39.9113,-77.6326, ,No,Yes,No,No,No,No,No,No,No,Yes,No,No,No,No,Yes,No,No,No,No,Yes,No,No,No,No,No,No,No,No,No,No,No,No,No,No,No,No,No,No,No,No,No,No,No,No,No,No,No,No,No,No,No,No,No,No,No,No,No,No,No,No,No,No,No,Yes,No,Yes,No,No,No,Yes,No,No,No,No,No,No,No,No,Yes,No,No,No,No,No,No,No,No,No,No,"(39.9113, -77.6326)"
2010078797,01,Adams,01407,Gettysburg Boro,08,District 8-0,01407,GETTYSBURG BORO,2010,08,4,0937,09,Daylight,No adverse conditions,Dry,Angle, , ,Four way intersection,Not applicable, ,Urbanized,0,0,3,3,No,No,39 49:31.086,77 13:59.835,0939,0937,  ,2, ,North And South, , ,No Controls, , , , , , , , , ,3,1,0,0,0,0,1,1,0,0,0,0,0,0,3,0,0,0,0,0,0,1,1,0,0,0,0,0,0,0,0,0,0,0,0,9,0,39.8253,-77.2333, ,No,No,Yes,No,No,No,No,No,No,No,No,No,No,No,Yes,No,No,No,No,No,Yes,No,No,Yes,No,No,No,No,No,No,No,No,No,No,No,No,No,No,No,No,No,No,No,No,No,No,No,No,No,No,No,No,No,No,No,No,Yes,No,No,No,No,No,No,No,Yes,Yes,No,No,No,No,No,No,No,No,No,No,No,No,Yes,No,No,No,No,No,No,No,No,No,No,"(39.8253, -77.2333)"
2011130353,62,Washington,62302,Washington City,12,District 12-0,62302,WASHINGTON CITY,2011,12,6,1318,13,Daylight,No adverse conditions,Dry,Rear-end, , ,Mid-block,Not applicable, ,Urban,0,0,4,2,No,No,40 10:28.173,80 15:17.426,1320,1318,  , ,No, , , ,No Controls, , , , , , , , , ,2,2,0,0,0,0,0,0,0,0,0,0,0,0,0,0,0,0,0,0,0,1,0,0,0,0,0,0,0,0,0,0,0,0,0,0,0,40.1745,-80.2548, ,No,Yes,No,No,No,No,No,No,No,Yes,No,No,No,No,Yes,No,No,No,No,Yes,No,No,No,No,No,No,No,No,No,No,No,No,No,No,No,No,No,No,Yes,No,No,No,No,No,No,No,No,No,No,No,No,No,No,No,No,No,No,No,No,No,No,No,No,No,Yes,No,No,No,No,No,No,No,No,No,No,No,No,No,Yes,No,No,No,No,No,No,No,No,No,No,"(40.1745, -80.2548)"
2016039452,40,Luzerne,40416,Larksville Boro,04,District 4-0,40416,LARKSVILLE BORO,2016,04,2,1712,17,Daylight,No adverse conditions,Dry,Angle, , ,Four way intersection,Stop sign, ,Urban,0,0,4,2,No,No,41 16:13.493,75 55:17.436,1712,1712,  , ,No, , , ,Device Functioning properly, , , , , , , , , ,2,1,0,0,1,0,0,0,0,0,0,0,0,0,0,1,0,0,0,0,0,0,0,0,0,0,0,0,0,0,0,0,0,0,0,0,0,41.2704,-75.9215, ,No,Yes,No,No,No,No,No,No,No,No,No,No,No,No,Yes,No,No,No,No,No,Yes,No,Yes,Yes,No,No,No,No,No,No,No,No,No,No,No,No,No,No,No,No,No,No,No,No,No,No,No,No,No,No,No,No,No,No,No,No,No,No,Yes,No,No,No,No,No,No,No,No,No,No,No,No,No,No,No,No,No,No,No,Yes,No,No,No,No,No,No,No,No,No,No,"(41.2704, -75.9215)"
2014085977,21,Cumberland,21212,Silver Spring Twp,08,District 8-0,21212,SILVER SPRINGS TWP,2014,08,1,2317,23,Dark street lights,No adverse conditions,Wet,Angle, , ,Mid-block,Not applicable, ,Rural,0,0,5,2, , ,40 14:45.131,77 01:54.945,2319,2319,  ,3, ,South, , ,No Controls, , , , , , , , , ,2,2,0,0,0,0,0,0,0,0,0,0,0,0,0,0,0,0,0,0,0,0,0,0,0,0,0,0,0,0,0,0,0,0,0,0,0,40.2459,-77.0319, ,No,Yes,No,No,Yes,No,No,No,No,No,No,No,No,No,Yes,No,No,No,No,Yes,No,No,No,No,No,No,No,No,No,No,No,No,No,No,No,No,No,No,No,No,No,No,No,No,No,No,No,No,No,No,No,No,No,No,No,No,Yes,No,No,No,No,No,No,No,No,No,No,No,No,No,No,No,Yes,No,No,No,No,No,Yes,No,No,No,No,No,No,No,No,No,No,"(40.2459, -77.0319)"
2011021359,02,Allegheny,02303,Duquesne City,11,District 11-0,02303,DUQUESNE CITY,2011,02,2,1912,19,Dark street lights,Snow,Snow covered,Hit fixed object, , ,T intersection,Not applicable, ,Urban,0,0,3,1,No,No,40 22:38.439,79 51:02.546,1917,1912,  ,2,Yes,South, , ,No Controls, , , , , , , , , ,1,1,0,0,0,0,0,0,0,0,0,0,0,0,0,0,0,0,1,0,0,0,0,0,0,0,0,0,0,0,0,0,0,0,0,0,0,40.3773,-79.8507, ,No,Yes,No,No,No,Yes,No,No,No,No,No,Yes,Yes,No,Yes,No,No,No,No,No,Yes,No,No,Yes,No,No,No,No,No,Yes,No,No,No,No,No,No,No,No,No,No,No,No,No,No,No,No,No,No,No,No,No,No,No,No,No,No,No,No,No,No,No,Yes,No,No,No,No,No,No,No,No,No,No,Yes,No,No,No,No,No,Yes,No,No,No,No,No,No,No,No,No,No,"(40.3773, -79.8507)"
2002042984,64,Westmoreland,64101,North Huntingdon Twp,12,District 12-0,64101,NORTH HUNTINGDON TWP,2001,12,1,0306,03,Dark no street lights,No adverse conditions,Dry,Hit fixed object, , ,Mid-block,Not applicable, ,Urban,0,0,1,1,No,No,40 17:18.960,79 45:57.960,0306,0306,  , ,No, , , ,No Controls, , , , , , , , , ,1,0,0,0,1,0,0,0,0,0,0,0,0,0,0,0,0,0,0,0,0,0,0,0,0,0,0,0,0,0,0,0,0,0,0,0,0,40.2887,-79.7661, ,No,Yes,No,No,No,No,No,No,No,No,No,Yes,Yes,No,Yes,No,No,No,No,Yes,No,No,No,No,No,No,No,No,No,No,No,No,No,No,No,No,No,No,No,No,No,Yes,Yes,No,No,No,No,No,No,No,No,Yes,No,No,No,Yes,Yes,No,No,No,No,No,No,No,No,No,No,No,No,No,No,No,Yes,No,No,No,No,No,Yes,No,No,No,No,No,No,No,No,No,Yes,"(40.2887, -79.7661)"
2010055982,66,York,66227,Springettsbury Twp,08,District 8-0,66227,SPRINGETTSBURY TWP,2010,06,7,1041,10,Daylight,No adverse conditions,Dry,Angle, , ,Four way intersection,Traffic signal, ,Urban,0,1,3,2,No,No,39 58:22.991,76 41:35.176,1046,1041,  ,2,Yes,"All (N,S,E,W)", , ,Device Functioning properly, , , , , , , , , ,2,2,0,0,0,0,0,0,0,0,0,1,1,0,0,0,0,0,0,0,0,1,0,0,0,0,0,0,0,0,0,0,0,0,0,4,0,39.9731,-76.6931, ,No,Yes,No,No,No,No,No,No,No,No,No,No,No,No,No,Yes,No,Yes,No,No,Yes,Yes,No,No,No,No,No,No,No,No,No,No,No,No,No,No,No,No,No,No,No,No,No,No,No,No,No,No,No,No,No,No,No,No,No,No,Yes,No,No,No,No,No,No,No,Yes,No,No,No,No,No,No,No,No,No,No,No,No,No,Yes,No,No,No,Yes,No,No,No,No,No,No,"(39.9731, -76.6931)"
2012031197,02,Allegheny,02301,Pittsburgh City,11,District 11-0,02301,PITTSBURGH CITY,2012,03,2,1435,14,Daylight,No adverse conditions,Dry,Rear-end, , ,Mid-block,Not applicable, ,Urban,0,1,2,2,No,No,40 26:34.396,80 01:29.445,1442,1440,  ,1,Yes,West, , ,No Controls, , , , , , , , , ,2,1,0,0,1,0,0,0,0,0,0,1,1,0,0,0,0,0,0,0,0,0,0,0,0,0,0,0,0,0,0,0,0,0,0,4,0,40.4429,-80.0248, ,No,Yes,No,No,No,No,No,No,No,Yes,No,No,No,No,No,Yes,No,Yes,No,Yes,No,No,No,No,No,No,No,No,No,No,No,No,No,No,No,No,No,No,No,No,No,No,No,No,No,No,No,No,No,No,No,No,No,No,No,Yes,No,No,No,No,No,No,No,No,No,No,No,No,No,No,No,No,No,No,No,No,No,No,Yes,No,No,No,Yes,No,No,No,No,No,No,"(40.4429, -80.0248)"
2006096798,04,Beaver,04209,Independence Twp,11,District 11-0,04209,INDEPENDENCE TWP,2006,09,6,2031,20,Dark no street lights,Rain,Wet,Hit fixed object, , ,Mid-block,Not applicable, ,Rural,0,0,1,1,No,No,40 32:14.101,80 18:53.229,2043,2031,  ,2, ,North And South, , ,No Controls, , , , , , , , , ,1,0,0,0,0,0,1,0,0,0,0,0,0,0,0,0,0,0,1,0,0,0,0,0,0,0,0,0,0,0,0,0,0,0,0,0,0,40.5373,-80.3148, ,No,Yes,No,No,Yes,No,No,No,No,No,No,Yes,Yes,No,Yes,No,No,No,No,Yes,No,No,No,No,No,No,No,No,Yes,No,No,No,No,No,Yes,No,No,No,No,No,No,No,No,No,No,No,No,No,No,No,No,No,No,No,No,No,No,No,No,No,No,Yes,No,No,No,No,No,No,No,No,No,No,Yes,No,No,No,No,No,Yes,No,No,No,No,No,No,No,No,No,No,"(40.5373, -80.3148)"
2003071864,11,Cambria,11215,Gallitzin Twp,09,District 9-0,68A02,PSP - Ebensburg,2002,03,7,0745,07,Daylight,No adverse conditions,Snow covered,Hit fixed object, , ,Mid-block,Not applicable, ,Rural,0,0,1,1,No,No,40 31:57.032,78 31:58.506,0811,0751,  , ,No, , , ,No Controls, , , , , , , , , ,1,1,0,0,0,0,0,0,0,0,0,0,0,0,0,0,0,0,0,0,1,0,0,0,0,0,0,0,0,0,0,0,0,0,0,0,0,40.5325,-78.5329, ,No,Yes,No,No,No,Yes,No,No,No,No,No,Yes,Yes,No,Yes,No,No,No,No,Yes,No,No,No,No,No,No,No,No,No,Yes,No,No,No,No,No,No,No,No,No,No,No,No,No,No,No,No,No,No,No,No,No,No,No,No,No,No,Yes,No,No,No,No,No,No,Yes,No,No,No,No,No,Yes,No,No,No,No,No,No,No,No,Yes,No,No,No,No,No,No,No,No,No,No,"(40.5325, -78.5329)"
1997101679,26,Fayette,26302,Uniontown City,12,District 12-0,26302,UNIONTOWN CITY,1997,09,2,1740,17,Daylight,No adverse conditions,Dry,Rear-end, , ,Mid-block,Not applicable, ,Urbanized,0,1,3,2,No,No,,,9999,9999,  , ,No, , , ,No Controls, , , , , , , , , ,2,1,1,0,0,0,0,0,0,0,0,1,1,0,0,0,0,0,0,0,0,0,0,0,0,0,0,0,0,0,0,0,0,0,0,4,0,,, ,No,No,Yes,No,No,No,No,No,No,Yes,No,No,No,No,No,Yes,No,Yes,No,Yes,No,No,No,No,No,No,No,No,No,No,No,No,No,No,No,Yes,No,No,No,No,No,No,No,No,No,No,No,No,No,Yes,No,No,No,No,No,No,Yes,No,No,No,No,No,No,No,No,No,No,No,No,No,No,No,No,No,No,No,No,No,No,No,No,No,Yes,No,No,No,No,No,No,
2009082615,28,Franklin,28402,Greencastle Boro,08,District 8-0,28402,GREENCASTLE BORO,2009,08,4,2052,20,Dark street lights,No adverse conditions,Dry,Angle, , ,Mid-block,Not applicable, ,Rural,0,2,2,2,No,No,39 47:28.421,77 43:51.872,2055,2054,  ,2, ,North, , ,No Controls, , , , , , , , , ,2,2,0,0,0,0,0,0,0,0,0,0,2,2,0,0,2,0,0,0,0,0,0,0,0,0,0,0,0,0,0,0,0,0,0,8,0,39.7912,-77.7311, ,No,Yes,No,No,No,No,No,No,No,No,No,No,No,No,No,Yes,No,Yes,No,Yes,No,No,No,No,No,No,No,No,No,No,No,No,No,No,No,No,No,No,No,No,No,No,No,No,No,No,No,No,No,No,No,No,No,No,No,No,Yes,No,No,Yes,No,No,No,No,No,No,No,No,No,No,No,No,Yes,No,No,No,No,No,Yes,No,No,No,No,No,No,No,No,No,No,"(39.7912, -77.7311)"