Crash Record Number,County Code,County Name,Municipality Code,Municipality Name,District Code,District Name,Police Agency Code,Police Agency Name,Crash Year,Crash Month,Day of Week,Time of Day,Hour of Day,Illumination,Weather,Road Condition,Collision Type,Work Zone Type,Work Zone Location,Intersection Type,Traffic Control Device,Location Type,Urban / Rural,Fatality Count,Injury Count,Person Count,Total Unit Count,School Bus Indicator,School Zone Indicator,Latitude,Longitude,Arrival Time,Dispatch Time,Construction Zone Speed Limit,Estimated Hours Closed,Lane Closed,Lane Closure Direction,Notify Highway Maintenance,Special Jurisdiction,Traffic Control Device Function,Traffic Detour,Workers Present,Work Zone Close/Detour,Work Zone Flagger,Work Zone Law Officer,Work Zone Closure,Work Zone Moving,Work Zone Other,Work Zone Shoulder/Median,Vehicle Count,Automobile Count,Motorcycle Count,Bus Count,Small Truck Count,Heavy Truck Count,SUV Count,Van Count,Bicycle Count,Suspected Serious Injury Count,Suspected Minor Injury Count,Possible Injury Count,Total Injury Count,Unknown Injury Degree Count,Unknown Injury Person Count,16 Year Old Driver Count,17 Year Old Driver Count,18 Year Old Driver Count,19 Year Old Driver Count,20 Year Old Driver Count,50-64 Year Old Driver Count,65-74 Year Old Driver Count,75 Plus Year Old Driver Count,Unbelted Occupant Count,Unbelted Death Count,Unbelted Suspected Serious Injury Count,Belted Death Count,Belted Suspected Serious Injury Count,Motorcycle Death Count,Motorcycle Suspected Serious Injury Count,Bicycle Death Count,Bicycle Suspected Serious Injury Count,Pedestrian Count,Pedestrian Death Count,Pedestrian Suspected Serious Injury Count,Maximum Severity Level,Commercial Vehicle Count,Latitude (Decimal),Longitude (Decimal),Roadway Surface Type,Interstate,State Road,Local Road Only,Turnpike,Wet Road,Snow Slush Road,Icy Road,Sudden Deer,Shoulder Related,Rear End,Head On / Opposite Direction Side Swipe,Hit Fixed Object,Single Vehicle Run Off Road,Work Zone,Property Damage Only,Injury or Fatal,Fatal or Suspected Serious Injury,Injury,Fatal,Non Intersection,Intersection,Signalized Intersection,Stop Controlled Intersection,Unsignalized Intersection,School Bus,School Zone,Hit Deer,Hit Tree / Shrub,Hit Embankment,Hit Pole,Hit Guide Rail,Hit Guide Rail End,Hit Barrier,Hit Bridge,Overturned,Motorcycle,Bicycle,Heavy Truck Related,Vehicle Failure,Train / Trolley,Phantom Vehicle,Alcohol Related,Drinking Driver,Underage Drinking Driver,Unlicensed,Distracted,Cell Phone,No Clearance,Running Red Light,Tailgating,Cross Median,Curved Road,Curve Driver Error,Limit 65 MPH,Speeding,Speeding Related,Aggressive Driving,Fatigue / Asleep,Driver 16 Years Old,Driver 17 Years Old,Driver 18 Years Old,Driver 19 Years Old,Driver 20 Years Old,Driver 50 - 64 Years Old,Driver 65 - 74 Years Old,Driver 75 Plus,Unbelted,Pedestrian,Commercial Vehicle,PSP Reported,NHTSA Aggressive Driving,Deer Related,Illumination Dark,Running Stop Sign,Train,Trolley,Hit Parked Vehicle,Fire In Vehicle,Vehicle Towed,Hazardous Truck,Suspected Serious Injury,Suspected Minor Injury,Possible Injury,Motorcycle Drinking Driver,Drug Related,Illegal Drug Related,School Bus Unit,Drugged Driver,Impaired Driver,Geographic Location of the Crash
2009042055,46,Montgomery,46208,Lower Providence Twp,06,District 6-0,46208,LOWER PROVIDENCE TWP,2009,04,5,0923,09,Daylight,No adverse conditions,Dry,Rear-end, , ,Mid-block,Not applicable, ,Urban,0,0,2,2,No,No,40 06:49.320,75 27:52.972,0923,0923,  , ,No, , , ,No Controls, , , , , , , , , ,2,2,0,0,0,0,0,0,0,0,0,0,0,0,0,0,0,0,0,0,0,1,0,0,0,0,0,0,0,0,0,0,0,0,0,0,0,40.1137,-75.4641, ,No,Yes,No,No,No,No,No,No,No,Yes,No,No,No,No,Yes,No,No,No,No,Yes,No,No,No,No,No,No,No,No,No,No,No,No,No,No,No,No,No,No,No,No,No,No,No,No,No,No,No,No,No,Yes,No,No,No,No,No,No,Yes,No,No,No,No,No,No,No,Yes,No,No,No,No,No,No,No,No,No,No,No,No,No,Yes,No,No,No,No,No,No,No,No,No,No,"(40.1137, -75.4641)"
2009130426,09,Bucks,09208,Falls Twp,06,District 6-0,09208,FALLS TWP,2009,12,3,1744,17,Dusk,No adverse conditions,Ice Patches,Angle, , ,Mid-block,Not applicable, ,Urban,0,0,2,2,No,No,40 10:48.207,74 52:12.669,1758,1754,  ,1,Yes,North, , ,No Controls, , , , , , , , , ,2,1,0,0,0,0,1,0,0,0,0,0,0,0,0,0,0,0,0,0,1,0,0,0,0,0,0,0,0,0,0,0,0,0,0,0,0,40.18,-74.8702, ,No,Yes,No,No,No,No,Yes,No,No,No,No,No,No,No,Yes,No,No,No,No,Yes,No,No,No,No,No,No,No,No,No,No,No,No,No,No,No,No,No,No,No,No,No,No,No,No,No,No,No,No,No,No,No,No,No,No,No,No,Yes,No,No,No,No,No,No,Yes,No,No,No,No,No,No,No,No,No,No,No,No,No,No,Yes,No,No,No,No,No,No,No,No,No,No,"(40.18, -74.8702)"
2012041269,25,Erie,25302,Erie City,01,District 1-0,25302,ERIE CITY,2012,04,6,0304,03,Dark street lights,No adverse conditions,Dry,Non collision, , ,Mid-block,Not applicable, ,Urban,0,0,1,1,No,No,42 07:36.465,80 04:01.408,0304,0304,  , ,No, , , ,No Controls, , , , , , , , , ,1,0,1,0,0,0,0,0,0,0,0,0,0,0,0,0,0,0,0,0,0,0,0,0,0,0,0,0,0,0,0,0,0,0,0,0,0,42.1268,-80.0671, ,No,No,Yes,No,No,No,No,No,No,No,No,No,Yes,No,Yes,No,No,No,No,Yes,No,No,No,No,No,No,No,No,No,No,No,No,No,No,No,Yes,No,No,Yes,No,No,No,No,No,No,No,No,No,No,No,No,No,No,No,No,No,No,No,No,No,No,No,No,No,No,No,No,No,No,No,No,No,Yes,No,No,No,No,No,Yes,No,No,No,No,No,No,No,No,No,No,"(42.1268, -80.0671)"
2010057890,64,Westmoreland,64209,Hempfield Twp,12,District 12-0,68T09,PSP - New Stanton,2010,06,2,1839,18,Daylight,No adverse conditions,Dry,Sideswipe (same dir.),Construction,Activity area,Mid-block,Not applicable, ,Urban,0,1,2,2,No,No,40 16:15.780,79 40:05.253,1846,1839,55, ,No, , , ,No Controls, ,N,N,N,N,N,N,N,Y,2,1,0,0,0,1,0,0,0,0,1,0,1,0,0,0,0,0,0,0,2,0,0,0,0,0,0,0,0,0,0,0,0,0,0,3,1,40.2706,-79.6681, ,No,No,No,Yes,No,No,No,No,No,No,No,No,No,Yes,No,Yes,No,Yes,No,Yes,No,No,No,No,No,No,No,No,No,No,No,No,Yes,No,No,No,No,Yes,No,No,No,No,No,No,No,No,No,No,No,No,No,No,No,Yes,No,No,No,No,No,No,No,No,No,Yes,No,No,No,No,Yes,Yes,No,No,No,No,No,No,No,No,Yes,No,No,Yes,No,No,No,No,No,No,No,"(40.2706, -79.6681)"
2016091993,36,Lancaster,36213,East Earl Twp,08,District 8-0,36213,EAST EARL TWP,2016,09,4,1107,11,Daylight,No adverse conditions,Dry,Angle, , ,T intersection,Stop sign, ,Rural,0,0,3,2,No,No,40 07:22.117,76 01:22.865,1110,1107,  ,1,Yes,South, , ,Device Functioning properly, , , , , , , , , ,2,1,0,0,1,0,0,0,0,0,0,0,0,0,0,0,0,0,0,0,0,0,0,0,0,0,0,0,0,0,0,0,0,0,0,0,0,40.1228,-76.023, ,No,Yes,No,No,No,No,No,No,No,No,No,No,No,No,Yes,No,No,No,No,No,Yes,No,Yes,Yes,No,No,No,No,No,No,No,No,No,No,No,No,No,No,No,No,No,No,No,No,No,No,No,Yes,No,No,No,No,No,No,No,No,Yes,No,No,No,No,No,No,No,No,No,No,No,No,No,No,No,No,No,No,No,No,No,Yes,No,No,No,No,No,No,No,No,No,No,"(40.1228, -76.023)"
1999100366,67,Philadelphia,67301,Philadelphia City,06,District 6-0,67301,PHILADELPHIA CITY,1999,09,6,1945,19,Dark street lights,No adverse conditions,Dry,Other or Unknown, , ,Mid-block,Not applicable, ,Urban,0,4,5,2,No,No,,,9999,9999,  , ,No, , , ,No Controls, , , , , , , , , ,2,1,0,0,0,0,0,0,0,0,0,4,4,0,0,0,0,0,0,0,0,0,0,0,0,0,0,0,0,0,0,0,0,0,0,4,0,,, ,No,No,Yes,No,No,No,No,No,No,No,No,No,No,No,No,Yes,No,Yes,No,Yes,No,No,No,No,No,No,No,No,No,No,No,No,No,No,No,No,No,No,No,No,No,No,No,No,No,No,No,No,No,No,No,No,No,No,No,No,No,No,No,No,No,No,No,No,No,No,No,No,No,No,No,No,Yes,No,No,No,Yes,No,No,No,No,No,Yes,No,No,No,No,No,No,
2006067790,23,Delaware,23207,Middletown Twp,06,District 6-0,68K02,PSP - Media,2006,05,5,1343,13,Daylight,No adverse conditions,Dry,Head-on, , ,Four way intersection,Stop sign, ,Urban,0,0,2,2,No,No,39 52:12.000,75 24:31.436,1400,1349,  ,2,Yes,East, , ,Device Functioning properly, , , , , , , , , ,2,2,0,0,0,0,0,0,0,0,0,0,0,0,0,0,0,0,0,0,0,0,0,0,0,0,0,0,0,0,0,0,0,0,0,0,0,39.8699,-75.4087, ,No,Yes,No,No,No,No,No,No,No,No,Yes,No,No,No,Yes,No,No,No,No,No,Yes,No,Yes,Yes,No,No,No,No,No,No,No,No,No,No,No,No,No,No,No,No,No,No,No,No,No,No,No,No,No,No,No,No,Yes,No,No,Yes,Yes,No,No,No,No,No,No,No,No,No,No,No,No,Yes,No,No,No,No,No,No,No,No,Yes,No,No,No,No,No,No,No,No,No,No,"(39.8699, -75.4087)"
2014092646,36,Lancaster,36301,Lancaster City,08,District 8-0,36301,LANCASTER CITY,2014,09,3,2216,22,Dark street lights,No adverse conditions,Dry,Angle, , ,Four way intersection,Traffic signal, ,Urban,0,0,3,2,No,No,40 02:42.261,76 17:01.349,2223,2218,  , ,No, , , ,Device Functioning properly, , , , , , , , , ,2,2,0,0,0,0,0,0,0,0,0,0,0,0,0,1,0,0,0,0,0,0,0,0,0,0,0,0,0,0,0,0,0,0,0,0,0,40.045,-76.2837, ,No,Yes,No,No,No,No,No,No,No,No,No,No,No,No,Yes,No,No,No,No,No,Yes,Yes,No,No,No,No,No,No,No,No,No,No,No,No,No,No,No,No,No,No,No,No,No,No,No,No,No,No,No,No,No,No,No,No,No,No,Yes,No,Yes,No,No,No,No,No,No,No,No,No,No,No,No,No,Yes,No,No,No,No,No,Yes,No,No,No,No,No,No,No,No,No,No,"(40.045, -76.2837)"
1998128558,48,Northampton,48101,Bethlehem Twp,05,District 5-0,48101,BETHLEHEM TWP,1998,12,3,1312,13,Daylight,Rain,Wet,Head-on, , ,T intersection,Unknown, ,Urban,0,1,3,2,No,No,40 38:14.640,75 20:06.360,9999,9999,  , ,No, , , ,Unknown, , , , , , , , , ,2,1,0,0,1,0,0,0,0,0,0,0,0,0,1,0,0,0,0,0,0,1,0,0,0,0,0,0,0,0,0,0,0,0,0,9,0,40.6372,-75.3352, ,No,Yes,No,No,Yes,No,No,No,No,No,Yes,No,No,No,No,No,No,No,No,No,Yes,No,No,Yes,No,No,No,No,No,No,No,No,No,No,No,No,No,No,No,No,No,No,No,No,No,No,No,No,No,No,No,No,No,No,No,No,Yes,No,No,No,No,No,No,No,Yes,No,No,No,No,No,No,No,No,No,No,No,No,No,No,No,No,No,No,No,No,No,No,No,No,"(40.6372, -75.3352)"
2006045448,22,Dauphin,22203,East Hanover Twp,08,District 8-0,68H01,PSP - Harrisburg,2006,03,1,9999,99,Dark no street lights, ,Dry,Hit fixed object, , ,Mid-block,Not applicable, ,Rural,0,0,1,1,No,No,,,1550,1510,  , ,No, , , ,No Controls, , , , , , , , , ,1,1,0,0,0,0,0,0,0,0,0,0,0,0,1,0,0,0,0,0,0,0,0,0,0,0,0,0,0,0,0,0,0,0,0,9,0,,, ,No,No,Yes,No,No,No,No,No,No,No,No,Yes,Yes,No,No,No,No,No,No,Yes,No,No,No,No,No,No,No,No,No,No,No,No,No,No,No,No,No,No,No,No,No,No,No,No,No,No,No,No,No,No,No,No,No,No,No,No,No,No,No,No,No,No,No,No,No,No,No,No,No,Yes,No,No,Yes,No,No,No,No,No,No,No,No,No,No,No,No,No,No,No,No,
2004092212,02,Allegheny,02301,Pittsburgh City,11,District 11-0,02301,PITTSBURGH CITY,2004,04,2,2203,22,Dark street lights,No adverse conditions,Other,Sideswipe (same dir.), , ,T intersection,Not applicable, ,Urban,0,0,1,2,No,No,,,2202,2202,  , ,No, , , ,No Controls, , , , , , , , , ,2,2,0,0,0,0,0,0,0,0,0,0,0,0,1,0,0,0,0,0,0,0,0,0,0,0,0,0,0,0,0,0,0,0,0,9,0,,, ,No,No,Yes,No,No,No,No,No,No,No,No,No,No,No,Yes,No,No,No,No,No,Yes,No,No,Yes,No,No,No,Yes,No,No,No,No,No,No,No,No,No,No,No,No,No,No,No,No,No,No,No,Yes,No,No,Yes,Yes,No,No,Yes,Yes,Yes,No,No,No,No,No,No,No,No,No,No,No,No,No,Yes,No,Yes,Yes,No,No,Yes,No,Yes,No,No,No,No,No,No,No,No,No,No,
2005131047,48,Northampton,48217,Williams Twp,05,District 5-0,68M06,PSP - Belfast,2005,04,3,0553,05,Daylight,No adverse conditions,Sand/mud/dirt/oil/or gravel,Hit fixed object, , ,Mid-block,Other Type TCD, ,Rural,0,1,1,1,No,No,40 38:55.000,75 12:11.822,0615,0555,  , ,No, , , ,Device Functioning improperly, , , , , , , , , ,1,1,0,0,0,0,0,0,0,0,0,1,1,0,0,0,0,0,0,0,0,0,0,0,0,0,0,0,0,0,0,0,0,0,0,4,0,40.6489,-75.2031, ,No,Yes,No,No,No,No,No,No,No,No,No,Yes,Yes,No,No,Yes,No,Yes,No,Yes,No,No,No,No,No,No,No,No,No,Yes,No,No,No,No,No,No,No,No,No,No,No,No,No,No,No,No,No,No,No,No,No,Yes,No,No,No,Yes,Yes,No,No,No,No,No,No,No,No,No,No,No,No,Yes,Yes,No,No,No,No,No,No,No,Yes,No,No,No,Yes,No,No,No,No,No,No,"(40.6489, -75.2031)"
2012080342,45,Monroe,45215,Tobyhanna Twp,05,District 5-0,45501,POCONO MOUNTAIN REGIONAL,2012,08,2,0914,09,Daylight,No adverse conditions,Dry,Rear-end, , ,Mid-block,Not applicable, ,Rural,0,0,2,2,No,No,,,0917,0914,  , ,No, , , ,No Controls, , , , , , , , , ,2,1,0,0,1,0,0,0,0,0,0,0,0,0,0,0,0,0,0,0,0,0,0,0,0,0,0,0,0,0,0,0,0,0,0,0,0,,, ,No,Yes,No,No,No,No,No,No,No,Yes,No,No,No,No,Yes,No,No,No,No,Yes,No,No,No,No,No,No,No,No,No,No,No,No,No,No,No,No,No,No,No,No,No,No,No,No,No,No,No,No,No,No,No,No,No,No,No,No,No,No,No,No,No,No,No,No,No,No,No,No,No,No,No,No,No,No,No,No,No,No,Yes,No,No,No,No,No,No,No,No,No,No,
2002031011,09,Bucks,09208,Falls Twp,06,District 6-0,09208,FALLS TWP,2001,10,5,1130,11,Daylight,No adverse conditions,Dry,Angle, , ,On ramp,Stop sign, ,Urban,0,1,2,2,No,No,40 10:55.200,74 47:13.200,1133,1130,  , ,No, , , ,Device Functioning properly, , , , , , , , , ,2,1,0,0,1,0,0,0,0,0,1,0,1,0,1,0,0,0,0,0,1,0,0,0,0,0,0,0,0,0,0,0,0,0,0,3,0,40.1818,-74.7872, ,No,Yes,No,No,No,No,No,No,No,No,No,No,No,No,No,Yes,No,Yes,No,No,Yes,No,Yes,Yes,No,No,No,No,No,No,Yes,No,No,No,No,No,No,No,No,No,No,No,No,No,No,No,No,Yes,No,No,No,No,No,No,No,No,Yes,No,No,No,No,No,No,Yes,No,No,No,No,No,No,Yes,No,No,No,No,No,No,No,Yes,No,No,Yes,No,No,No,No,No,No,No,"(40.1818, -74.7872)"
2017068443,15,Chester,15219,Honey Brook Twp,06,District 6-0,68J03,PSP - Embreeville,2017,06,5,0739,07,Daylight,No adverse conditions,Dry,Rear-end, , ,“Y” intersection,Not applicable,Not applicable,Rural,0,1,2,2,N,N,40 04:24.665,75 50:01.619,0745,0743,  ,1,1,7, , ,0,N, , , , , , , , ,2,1,0,0,1,0,0,0,0,0,1,0,1,0,0,0,0,0,0,0,0,0,1,0,0,0,0,0,0,0,0,0,0,0,0,3,0,40.073500000000003,-75.833799999999997,  ,No,Yes,No,No,No,No,No,No,No,Yes,No,No,No,No,No,Yes,No,Yes,No,No,Yes,No,No,Yes,No,No,No,No,No,No,No,No,No,No,No,No,No,No,No,No,No,No,No,No,No,Yes,No,No,No,Yes,No,No,No,No,No,No,Yes,No,No,No,No,No,No,No,No,Yes,No,No,No,Yes,No,No,No,No,No,No,No,No,Yes,No,No,Yes,No,No,No,No,No,No,No,"(40.0735, -75.8338)"
1998134222,23,Delaware,23111,Upper Darby Twp,06,District 6-0,23111,UPPER DARBY TWP,1998,11,4,1245,12,Daylight,No adverse conditions,Dry,Other or Unknown, , ,Mid-block,Not applicable, ,Urban,0,0,1,2,No,No,,,9999,9999,  , ,No, , , ,No Controls, , , , , , , , , ,2,1,0,0,0,0,0,0,0,0,0,0,0,0,0,0,0,0,0,0,0,0,1,0,0,0,0,0,0,0,0,0,0,0,0,0,0,,, ,No,No,Yes,No,No,No,No,No,No,No,No,No,No,No,Yes,No,No,No,No,Yes,No,No,No,No,No,No,No,No,No,No,No,No,No,No,No,No,No,No,No,No,No,No,No,No,No,No,No,No,No,No,No,No,No,No,No,No,No,No,No,No,No,No,No,No,No,Yes,No,No,No,No,No,No,No,No,No,No,Yes,No,Yes,No,No,No,No,No,No,No,No,No,No,
2006089327,02,Allegheny,02301,Pittsburgh City,11,District 11-0,02301,PITTSBURGH CITY,2006,08,7,0839,08,Daylight,No adverse conditions,Dry,Rear-end, , ,Four way intersection,Traffic signal, ,Urban,0,0,3,3,No,No,40 24:07.000,80 00:02.245,0849,0839,  , ,No, , , ,Device Functioning properly, , , , , , , , , ,3,2,0,0,0,0,0,1,0,0,0,0,0,0,0,0,0,0,0,0,1,0,0,0,0,0,0,0,0,0,0,0,0,0,0,0,0,40.402,-80.0006, ,No,Yes,No,No,No,No,No,No,No,Yes,No,No,No,No,Yes,No,No,No,No,No,Yes,Yes,No,No,No,No,No,No,No,No,No,No,No,No,No,No,No,No,No,No,No,No,No,No,No,No,No,No,No,No,No,No,No,No,No,No,No,No,No,No,No,No,No,Yes,No,No,No,No,No,No,No,No,No,No,No,No,No,No,Yes,No,No,No,No,No,No,No,No,No,No,"(40.402, -80.0006)"
2005116355,67,Philadelphia,67301,Philadelphia City,06,District 6-0,67301,PHILADELPHIA CITY,2002,05,2,1546,15,Daylight,No adverse conditions,Dry,Hit fixed object, , ,Other,Not applicable, ,Urban,0,1,1,1,No,No,,,1558,1546,  ,1,Yes,North, , ,No Controls, , , , , , , , , ,1,1,0,0,0,0,0,0,0,0,0,0,1,1,0,0,0,0,0,0,0,0,0,0,0,0,0,0,0,0,0,0,0,0,0,8,0,,, ,No,Yes,No,No,No,No,No,No,No,No,No,Yes,Yes,No,No,Yes,No,Yes,No,No,Yes,No,No,Yes,No,No,No,No,No,No,No,No,Yes,No,No,No,No,No,No,No,No,No,No,No,No,No,No,No,No,No,No,No,No,No,No,No,No,No,No,No,No,No,No,No,No,No,No,No,No,No,No,No,No,No,No,No,No,No,Yes,No,No,No,No,No,No,No,No,No,No,
2012038591,07,Blair,07301,Altoona City,09,District 9-0,07301,ALTOONA CITY,2012,04,2,1805,18,Daylight,No adverse conditions,Dry,Rear-end, , ,Mid-block,Not applicable, ,Urban,0,0,2,2,No,No,40 30:45.691,78 24:22.382,1819,1805,  ,2,Yes,North, , ,No Controls, , , , , , , , , ,2,2,0,0,0,0,0,0,0,0,0,0,0,0,0,0,0,0,0,0,0,0,0,0,0,0,0,0,0,0,0,0,0,0,0,0,0,40.5127,-78.4062, ,No,Yes,No,No,No,No,No,No,No,Yes,No,No,No,No,Yes,No,No,No,No,Yes,No,No,No,No,No,No,No,No,No,No,No,No,No,No,No,No,No,No,No,No,No,No,No,No,No,No,No,No,No,No,No,No,No,No,No,No,No,No,No,No,No,No,No,No,No,No,No,No,No,No,No,No,No,No,No,No,No,No,Yes,No,No,No,No,No,No,No,No,No,No,"(40.5127, -78.4062)"
2013004411,67,Philadelphia,67301,Philadelphia City,06,District 6-0,67301,PHILADELPHIA CITY,2012,12,6,1710,17,Dusk,Rain,Wet,Rear-end, , ,Mid-block,Not applicable, ,Urban,0,0,5,3,No,No,40 05:14.015,75 02:28.339,1715,1711,  ,1, ,East, , ,No Controls, , , , , , , , , ,3,3,0,0,0,0,0,0,0,0,0,0,0,0,0,0,0,0,0,0,0,0,0,0,0,0,0,0,0,0,0,0,0,0,0,0,0,40.0872,-75.0412, ,No,Yes,No,No,Yes,No,No,No,No,Yes,No,No,No,No,Yes,No,No,No,No,Yes,No,No,No,No,No,No,No,No,No,No,No,No,No,No,No,No,No,No,No,No,No,No,No,No,No,No,No,No,No,No,No,No,No,No,No,No,No,No,No,No,No,No,No,No,No,No,No,No,No,No,No,No,No,No,No,No,No,No,Yes,No,No,No,No,No,No,No,No,No,No,"(40.0872, -75.0412)"
2009065415,67,Philadelphia,67301,Philadelphia City,06,District 6-0,67301,PHILADELPHIA CITY,2007,05,7,1359,13,Daylight,No adverse conditions,Dry,Rear-end, , ,T intersection,Traffic signal, ,Urban,0,1,3,2,No,No,39 59:55.564,75 07:52.531,1435,1428,  , ,No, , , ,Device Functioning properly, , , , , , , , , ,2,2,0,0,0,0,0,0,0,0,0,0,1,1,0,0,0,0,0,0,0,0,0,0,0,0,0,0,0,0,0,0,0,0,0,8,0,39.9988,-75.1313, ,No,Yes,No,No,No,No,No,No,No,Yes,No,No,No,No,No,Yes,No,Yes,No,No,Yes,Yes,No,No,No,No,No,No,No,No,No,No,No,No,No,No,No,No,No,No,No,No,No,No,No,No,No,No,No,Yes,No,No,No,No,No,No,Yes,No,No,No,No,No,No,No,No,No,No,No,No,No,No,No,No,No,No,No,No,No,No,No,No,No,No,No,No,No,No,No,No,"(39.9988, -75.1313)"
2017024090,02,Allegheny,02113,Penn Hills Twp,11,District 11-0,02113,PENN HILLS,2017,03,7,1451,14,Daylight,No adverse conditions,Dry,Angle, , ,“T” intersection,Not applicable,Not applicable,Urban,0,0,2,2,N,N,40 27:10.157,79 49:33.562,1453,1452,  , ,0, ,N, ,0, , , , , , , , , ,2,1,0,0,0,0,1,0,0,0,0,0,0,0,0,0,0,1,0,0,0,0,0,0,0,0,0,0,0,0,0,0,0,0,0,0,0,40.452800000000003,-79.825999999999993,  ,No,Yes,No,No,No,No,No,No,No,No,No,No,No,No,Yes,No,No,No,No,No,Yes,No,No,Yes,No,No,No,No,No,No,No,No,No,No,No,No,No,No,No,No,No,No,No,No,No,No,No,No,No,No,No,No,No,No,No,No,Yes,No,No,No,Yes,No,No,No,No,No,No,No,No,No,No,No,No,No,No,No,No,No,Yes,No,No,No,No,No,No,No,No,No,No,"(40.4528, -79.826)"
2009066542,22,Dauphin,22102,Swatara Twp,08,District 8-0,22102,SWATARA TWP,2009,06,2,1455,14,Daylight,No adverse conditions,Dry,Rear-end, , ,Four way intersection,Not applicable, ,Urban,0,1,3,2,No,No,40 15:30.510,76 48:14.830,1500,1457,  ,2, ,East and West, , ,No Controls, , , , , , , , , ,2,2,0,0,0,0,0,0,0,0,0,0,1,1,0,0,0,0,0,0,0,0,1,0,0,0,0,0,0,0,0,0,0,0,0,8,0,40.2585,-76.8041, ,No,Yes,No,No,No,No,No,No,No,Yes,No,No,No,No,No,Yes,No,Yes,No,No,Yes,No,No,Yes,No,No,No,No,No,No,No,No,No,No,No,No,No,No,No,No,No,No,No,No,No,Yes,No,No,No,No,No,No,No,No,No,No,No,No,No,No,No,No,No,No,No,Yes,No,No,No,No,No,No,No,No,No,No,No,No,Yes,No,No,No,No,No,No,No,No,No,No,"(40.2585, -76.8041)"
2008093131,43,Mercer,43220,Pymatuning Twp,01,District 1-0,43220,PYMATUNING TWP,2008,06,1,1323,13,Daylight,No adverse conditions,Dry,Angle, , ,Four way intersection,Stop sign, ,Rural,1,1,2,3,No,No,41 19:08.341,80 24:40.370,1329,1323,  ,3, ,North And South, ,No Special Jurisdiction,Device Functioning properly, , , , , , , , , ,2,2,0,0,0,0,0,0,0,0,0,1,1,0,0,0,0,0,0,0,0,0,1,0,0,0,1,0,0,0,0,0,0,0,0,1,0,41.319,-80.4112,Blacktop,No,Yes,No,No,No,No,No,No,No,No,No,No,No,No,No,Yes,Yes,Yes,Yes,No,Yes,No,Yes,Yes,No,No,No,No,No,No,No,No,No,No,No,No,No,No,No,No,Yes,No,No,No,No,No,No,Yes,No,No,No,No,No,No,Yes,Yes,Yes,No,No,No,No,No,No,No,No,Yes,No,No,No,No,No,No,No,No,No,No,No,No,Yes,No,No,No,Yes,No,No,No,No,No,No,"(41.319, -80.4112)"
2011090013,46,Montgomery,46105,Lower Moreland Twp,06,District 6-0,46105,LOWER MORELAND TWP,2011,08,3,1400,14,Daylight,No adverse conditions,Dry,Angle, , ,Four way intersection,Traffic signal, ,Urban,0,1,2,2,No,No,40 07:14.552,75 03:25.796,1405,1400,  , ,No, , , ,Device Functioning properly, , , , , , , , , ,2,2,0,0,0,0,0,0,0,0,0,1,1,0,0,0,0,0,0,0,0,0,0,0,0,0,0,0,0,0,0,0,0,0,0,4,0,40.1207,-75.0572, ,No,Yes,No,No,No,No,No,No,No,No,No,No,No,No,No,Yes,No,Yes,No,No,Yes,Yes,No,No,No,No,No,No,No,No,No,No,No,No,No,No,No,No,No,No,No,No,No,No,No,No,No,Yes,Yes,No,No,No,No,No,No,No,Yes,No,No,No,No,No,No,No,No,No,No,No,No,No,No,No,No,No,No,No,No,No,Yes,No,No,No,Yes,No,No,No,No,No,No,"(40.1207, -75.0572)"
2000006444,02,Allegheny,02119,South Fayette Twp,11,District 11-0,68B03,PSP - Pittsburgh (Orig. Finlay),2000,01,6,0613,06,Dark street lights,Snow,Ice Patches,Hit fixed object, , ,Mid-block,Not applicable, ,Rural,0,0,1,1,No,No,40 20:02.040,80 08:10.680,9999,9999,  , ,No, , , ,No Controls, , , , , , , , , ,1,0,0,0,1,0,0,0,0,0,0,0,0,0,0,0,0,0,0,0,0,0,0,0,0,0,0,0,0,0,0,0,0,0,0,0,0,40.3339,-80.1364, ,Yes,Yes,No,No,No,No,Yes,No,No,No,No,Yes,Yes,No,Yes,No,No,No,No,Yes,No,No,No,No,No,No,No,No,Yes,No,No,No,No,No,Yes,No,No,No,No,No,No,No,No,No,No,No,No,No,No,No,Yes,No,No,No,No,No,No,No,No,No,No,No,No,No,No,No,No,No,No,Yes,No,No,Yes,No,No,No,No,No,Yes,No,No,No,No,No,No,No,No,No,No,"(40.3339, -80.1364)"